INSERT INTO `compliancedb`.`privilege` (`Privilege_ID`, `Privilege_Name`, `Privilege_Type`, `Is_Active`) VALUES ('1', 'Create', 'sys', 1);
INSERT INTO `compliancedb`.`privilege` (`Privilege_ID`, `Privilege_Name`, `Privilege_Type`, `Is_Active`) VALUES ('2', 'Update', 'sys', 1);
INSERT INTO `compliancedb`.`privilege` (`Privilege_ID`, `Privilege_Name`, `Privilege_Type`, `Is_Active`) VALUES ('3', 'Delete', 'sys', 1);
INSERT INTO `compliancedb`.`privilege` (`Privilege_ID`, `Privilege_Name`, `Privilege_Type`, `Is_Active`) VALUES ('4', 'Read', 'sys', 1);

insert into Country (Country_Code, Country_Name) values('101','India');

insert into Country (Country_Code, Country_Name) values('102','UK');


INSERT INTO `compliancedb`.`role` (`Role_ID`, `Role_Name`, `Is_Active`, `Is_Group_Role`) VALUES ('1', 'Product Admin', 1,1);
INSERT INTO `compliancedb`.`role` (`Role_ID`, `Role_Name`, `Is_Active`, `Is_Group_Role`) VALUES ('2', 'Admin', 1,1);
INSERT INTO `compliancedb`.`role` (`Role_ID`, `Role_Name`, `Is_Active`, `Is_Group_Role`) VALUES ('3', 'SME', 1,1);
INSERT INTO `compliancedb`.`role` (`Role_ID`, `Role_Name`, `Is_Active`, `Is_Group_Role`) VALUES ('4', 'Auditor', 1,1);
INSERT INTO `compliancedb`.`role` (`Role_ID`, `Role_Name`, `Is_Active`, `Is_Group_Role`) VALUES ('5', 'StackHolder', 1,1);
INSERT INTO `compliancedb`.`role` (`Role_ID`, `Role_Name`, `Is_Active`, `Is_Group_Role`) VALUES ('6', 'Guest', 1,1);

INSERT INTO `compliancedb`.`user` (`User_ID`, `User_Password`, `First_Name`, `Last_Name`, `Email_ID`, `Contact_Number`, `Company_ID`, `Gender`, `Is_Active`, `Last_Login`) VALUES ('1', 'admin', 'Admin', 'Admin', 'admin@gmail.com', '8909876543', '0', 'Male', 1, '2018-07-17 15:33:10');

INSERT INTO `compliancedb`.`role_priv_map` (`Role_Priv_ID`, `Is_Active`, `Role_ID`, `Privilege_ID`) VALUES ('1',1, '1', '1');
INSERT INTO `compliancedb`.`role_priv_map` (`Role_Priv_ID`, `Is_Active`, `Role_ID`, `Privilege_ID`) VALUES ('2', 1, '1', '2');
INSERT INTO `compliancedb`.`role_priv_map` (`Role_Priv_ID`, `Is_Active`, `Role_ID`, `Privilege_ID`) VALUES ('3', 1, '1', '3');
INSERT INTO `compliancedb`.`role_priv_map` (`Role_Priv_ID`, `Is_Active`, `Role_ID`, `Privilege_ID`) VALUES ('4', 1, '1', '4');
INSERT INTO `compliancedb`.`role_priv_map` (`Role_Priv_ID`, `Is_Active`, `Role_ID`, `Privilege_ID`) VALUES ('5', 1, '2', '1');
INSERT INTO `compliancedb`.`role_priv_map` (`Role_Priv_ID`, `Is_Active`, `Role_ID`, `Privilege_ID`) VALUES ('6', 1, '2', '2');
INSERT INTO `compliancedb`.`role_priv_map` (`Role_Priv_ID`, `Is_Active`, `Role_ID`, `Privilege_ID`) VALUES ('7', 1, '2', '3');
INSERT INTO `compliancedb`.`role_priv_map` (`Role_Priv_ID`, `Is_Active`, `Role_ID`, `Privilege_ID`) VALUES ('8', 1, '2', '4');
INSERT INTO `compliancedb`.`role_priv_map` (`Role_Priv_ID`, `Is_Active`, `Role_ID`, `Privilege_ID`) VALUES ('9', 1, '3', '1');
INSERT INTO `compliancedb`.`role_priv_map` (`Role_Priv_ID`, `Is_Active`, `Role_ID`, `Privilege_ID`) VALUES ('10', 1, '3', '2');
INSERT INTO `compliancedb`.`role_priv_map` (`Role_Priv_ID`, `Is_Active`, `Role_ID`, `Privilege_ID`) VALUES ('11', 1, '3', '3');
INSERT INTO `compliancedb`.`role_priv_map` (`Role_Priv_ID`, `Is_Active`, `Role_ID`, `Privilege_ID`) VALUES ('12', 1, '3', '4');
INSERT INTO `compliancedb`.`role_priv_map` (`Role_Priv_ID`, `Is_Active`, `Role_ID`, `Privilege_ID`) VALUES ('13', 1, '4', '1');
INSERT INTO `compliancedb`.`role_priv_map` (`Role_Priv_ID`, `Is_Active`, `Role_ID`, `Privilege_ID`) VALUES ('14', 1, '4', '2');
INSERT INTO `compliancedb`.`role_priv_map` (`Role_Priv_ID`, `Is_Active`, `Role_ID`, `Privilege_ID`) VALUES ('15', 1, '4', '3');
INSERT INTO `compliancedb`.`role_priv_map` (`Role_Priv_ID`, `Is_Active`, `Role_ID`, `Privilege_ID`) VALUES ('16', 1, '4', '4');

INSERT INTO `compliancedb`.`user_group` (`User_Group_ID`, `User_Group_Name`, `Role_ID`, `Is_Active`) VALUES ('1', 'Product Admin', '1', 1);
INSERT INTO `compliancedb`.`user_group` (`User_Group_ID`, `User_Group_Name`, `Role_ID`, `Is_Active`) VALUES ('2', 'Admin', '2', 1);
INSERT INTO `compliancedb`.`user_group` (`User_Group_ID`, `User_Group_Name`, `Role_ID`, `Is_Active`) VALUES ('3', 'SME', '3', 1);
INSERT INTO `compliancedb`.`user_group` (`User_Group_ID`, `User_Group_Name`, `Role_ID`, `Is_Active`) VALUES ('4', 'Auditor', '4', 1);
INSERT INTO `compliancedb`.`user_group` (`User_Group_ID`, `User_Group_Name`, `Role_ID`, `Is_Active`) VALUES ('5', 'Stackholder', '5', 1);
INSERT INTO `compliancedb`.`user_group` (`User_Group_ID`, `User_Group_Name`, `Role_ID`, `Is_Active`) VALUES ('6', 'Guest', '6', 1);

INSERT INTO `compliancedb`.`user_group_members` (`User_Group_Members_ID`, `User_ID`, `User_Group_ID`) VALUES ('1', '1', '1');

INSERT INTO `compliancedb`.`menus` (`Menu_ID`, `Parent_MenuID`, `Menu_Name`, `Page_URL`, `Is_Active`, `icon`) VALUES ('1', '0', 'User Management', '/Common/dashboard', 1, '1_user.png');
INSERT INTO `compliancedb`.`menus` (`Menu_ID`, `Parent_MenuID`, `Menu_Name`, `Page_URL`, `Is_Active`, `icon`) VALUES ('2', '1', 'Manage Role', '/UserManagement/AddRoles', 1, 'ManageRoles.png');
INSERT INTO `compliancedb`.`menus` (`Menu_ID`, `Parent_MenuID`, `Menu_Name`, `Page_URL`, `Is_Active`, `icon`) VALUES ('3', '1', 'Manage User Group', '/UserManagement/AddUserGroup', 1, 'manageGroup.png');
INSERT INTO `compliancedb`.`menus` (`Menu_ID`, `Parent_MenuID`, `Menu_Name`, `Page_URL`, `Is_Active`, `icon`) VALUES ('4', '1', 'Add User', '/UserManagement/AddUser', 1, 'adduser.JPG');
INSERT INTO `compliancedb`.`menus` (`Menu_ID`, `Parent_MenuID`, `Menu_Name`, `Page_URL`, `Is_Active`, `icon`) VALUES ('5', '1', 'Manage User ', '/UserManagement/ListofUsers', 1, 'manageUsers.png');
INSERT INTO `compliancedb`.`menus` (`Menu_ID`, `Parent_MenuID`, `Menu_Name`, `Page_URL`, `Is_Active`, `icon`) VALUES ('6', '0', 'Group Management', '/Common/dashboard', 1, '1_group.png');
INSERT INTO `compliancedb`.`menus` (`Menu_ID`, `Parent_MenuID`, `Menu_Name`, `Page_URL`, `Is_Active`, `icon`) VALUES ('7', '6', 'Add Group ', '/ManageOrganization/AddGroupCompany', 1, 'manageGroupCompany.png');
INSERT INTO `compliancedb`.`menus` (`Menu_ID`, `Parent_MenuID`, `Menu_Name`, `Page_URL`, `Is_Active`, `icon`) VALUES ('8', '6', 'Manage Group ', '/ManageOrganization/GroupCompanyList',1, 'manageGroupCompany.png');
INSERT INTO `compliancedb`.`menus` (`Menu_ID`, `Parent_MenuID`, `Menu_Name`, `Page_URL`, `Is_Active`, `icon`) VALUES ('9', '0', 'Company Management', '/Common/dashboard', 1, '1_company.png');
INSERT INTO `compliancedb`.`menus` (`Menu_ID`, `Parent_MenuID`, `Menu_Name`, `Page_URL`, `Is_Active`, `icon`) VALUES ('10', '9', 'Add Company', '/ManageOrganization/AddCompany', 1, 'manageCompany.png');
INSERT INTO `compliancedb`.`menus` (`Menu_ID`, `Parent_MenuID`, `Menu_Name`, `Page_URL`, `Is_Active`, `icon`) VALUES ('11', '9', 'Manage Company', '/ManageOrganization/ListofCompany', 1, 'manageCompany.png');
INSERT INTO `compliancedb`.`menus` (`Menu_ID`, `Parent_MenuID`, `Menu_Name`, `Page_URL`, `Is_Active`, `icon`) VALUES ('12', '9', 'Add Branch', '/ManageOrganization/AddBranch', 1, 'manageBranch.png');
INSERT INTO `compliancedb`.`menus` (`Menu_ID`, `Parent_MenuID`, `Menu_Name`, `Page_URL`, `Is_Active`, `icon`) VALUES ('13', '9', 'Manage Branch', '/ManageOrganization/SelectCompany', 1, 'manageBranch.png');
INSERT INTO `compliancedb`.`menus` (`Menu_ID`, `Parent_MenuID`, `Menu_Name`, `Page_URL`, `Is_Active`, `icon`) VALUES ('14', '0', 'Acts and Rules', '/Common/dashboard', 1, '1_acts.png');
INSERT INTO `compliancedb`.`menus` (`Menu_ID`, `Parent_MenuID`, `Menu_Name`, `Page_URL`, `Is_Active`, `icon`) VALUES ('15', '14', 'Add Acts', '/ManageCompliance/CreateActs', 1, 'manageActs.png');
INSERT INTO `compliancedb`.`menus` (`Menu_ID`, `Parent_MenuID`, `Menu_Name`, `Page_URL`, `Is_Active`, `icon`) VALUES ('16', '14', 'Add Rules', '/ManageCompliance/ListofCompliance', 1, 'manageRules.png');
INSERT INTO `compliancedb`.`menus` (`Menu_ID`, `Parent_MenuID`, `Menu_Name`, `Page_URL`, `Is_Active`, `icon`) VALUES ('17', '14', 'Compliance Mapping', '/ManageCompliance/selectbranch', 1, 'manageActs.png');
INSERT INTO `compliancedb`.`menus` (`Menu_ID`, `Parent_MenuID`, `Menu_Name`, `Page_URL`, `Is_Active`, `icon`) VALUES ('18', '0', 'Auditing', '/Common/dashboard', 1, 'audit_tool.png');
INSERT INTO `compliancedb`.`menus` (`Menu_ID`, `Parent_MenuID`, `Menu_Name`, `Page_URL`, `Is_Active`, `icon`) VALUES ('19', '18', 'Auditing', '/AuditManagement/selectbranch', 1, 'Reports.png');
INSERT INTO `compliancedb`.`menus` (`Menu_ID`, `Parent_MenuID`, `Menu_Name`, `Page_URL`, `Is_Active`, `icon`) VALUES ('20', '0', 'Reports', '', 1, '1_report.png');
INSERT INTO `compliancedb`.`menus` (`Menu_ID`, `Parent_MenuID`, `Menu_Name`, `Page_URL`, `Is_Active`, `icon`) VALUES ('21', '9', 'Add Vendor', '/ManageOrganization/AddVendor', 1, 'manageBranch.png');
INSERT INTO `compliancedb`.`menus` (`Menu_ID`, `Parent_MenuID`, `Menu_Name`, `Page_URL`, `Is_Active`, `icon`) VALUES ('22', '9', 'Manage Vendor', '/ManageOrganization/SelectCompanyForVendor', 1, 'manageBranch.png');
INSERT INTO `compliancedb`.`menus` (`Menu_ID`, `Parent_MenuID`, `Menu_Name`, `Page_URL`, `Is_Active`, `icon`) VALUES ('23', '9', 'Vendor Branch Mapping', '/ManageOrganization/AssignDessignVendors', 1, 'manageBranch.png');
INSERT INTO `compliancedb`.`menus` (`Menu_ID`, `Parent_MenuID`, `Menu_Name`, `Page_URL`, `Is_Active`, `icon`) VALUES ('24', '14', 'ComplianceType Act Mapping', '/ManageCompliance/ComplianceActMapping', 1, 'manageActs.png');



INSERT INTO `compliancedb`.`usergroup_menu_map` (`User_Group_ID`, `Menu_ID`) VALUES ('1', '1');
INSERT INTO `compliancedb`.`usergroup_menu_map` (`User_Group_ID`, `Menu_ID`) VALUES ('1', '2');
INSERT INTO `compliancedb`.`usergroup_menu_map` (`User_Group_ID`, `Menu_ID`) VALUES ('1', '3');
INSERT INTO `compliancedb`.`usergroup_menu_map` (`User_Group_ID`, `Menu_ID`) VALUES ('1', '4');
INSERT INTO `compliancedb`.`usergroup_menu_map` (`User_Group_ID`, `Menu_ID`) VALUES ('1', '5');
INSERT INTO `compliancedb`.`usergroup_menu_map` (`User_Group_ID`, `Menu_ID`) VALUES ('1', '6');
INSERT INTO `compliancedb`.`usergroup_menu_map` (`User_Group_ID`, `Menu_ID`) VALUES ('1', '7');
INSERT INTO `compliancedb`.`usergroup_menu_map` (`User_Group_ID`, `Menu_ID`) VALUES ('1', '8');
INSERT INTO `compliancedb`.`usergroup_menu_map` (`User_Group_ID`, `Menu_ID`) VALUES ('1', '9');
INSERT INTO `compliancedb`.`usergroup_menu_map` (`User_Group_ID`, `Menu_ID`) VALUES ('1', '10');
INSERT INTO `compliancedb`.`usergroup_menu_map` (`User_Group_ID`, `Menu_ID`) VALUES ('1', '11');
INSERT INTO `compliancedb`.`usergroup_menu_map` (`User_Group_ID`, `Menu_ID`) VALUES ('1', '12');
INSERT INTO `compliancedb`.`usergroup_menu_map` (`User_Group_ID`, `Menu_ID`) VALUES ('1', '13');
INSERT INTO `compliancedb`.`usergroup_menu_map` (`User_Group_ID`, `Menu_ID`) VALUES ('1', '14');
INSERT INTO `compliancedb`.`usergroup_menu_map` (`User_Group_ID`, `Menu_ID`) VALUES ('1', '15');
INSERT INTO `compliancedb`.`usergroup_menu_map` (`User_Group_ID`, `Menu_ID`) VALUES ('1', '16');
INSERT INTO `compliancedb`.`usergroup_menu_map` (`User_Group_ID`, `Menu_ID`) VALUES ('1', '17');
INSERT INTO `compliancedb`.`usergroup_menu_map` (`User_Group_ID`, `Menu_ID`) VALUES ('1', '18');
INSERT INTO `compliancedb`.`usergroup_menu_map` (`User_Group_ID`, `Menu_ID`) VALUES ('1', '19');
INSERT INTO `compliancedb`.`usergroup_menu_map` (`User_Group_ID`, `Menu_ID`) VALUES ('1', '20');
INSERT INTO `compliancedb`.`usergroup_menu_map` (`User_Group_ID`, `Menu_ID`) VALUES ('1', '21');
INSERT INTO `compliancedb`.`usergroup_menu_map` (`User_Group_ID`, `Menu_ID`) VALUES ('1', '22');
INSERT INTO `compliancedb`.`usergroup_menu_map` (`User_Group_ID`, `Menu_ID`) VALUES ('1', '23');
INSERT INTO `compliancedb`.`usergroup_menu_map` (`User_Group_ID`, `Menu_ID`) VALUES ('2', '1');
INSERT INTO `compliancedb`.`usergroup_menu_map` (`User_Group_ID`, `Menu_ID`) VALUES ('2', '2');
INSERT INTO `compliancedb`.`usergroup_menu_map` (`User_Group_ID`, `Menu_ID`) VALUES ('2', '3');
INSERT INTO `compliancedb`.`usergroup_menu_map` (`User_Group_ID`, `Menu_ID`) VALUES ('2', '4');
INSERT INTO `compliancedb`.`usergroup_menu_map` (`User_Group_ID`, `Menu_ID`) VALUES ('2', '5');
INSERT INTO `compliancedb`.`usergroup_menu_map` (`User_Group_ID`, `Menu_ID`) VALUES ('2', '9');
INSERT INTO `compliancedb`.`usergroup_menu_map` (`User_Group_ID`, `Menu_ID`) VALUES ('2', '10');
INSERT INTO `compliancedb`.`usergroup_menu_map` (`User_Group_ID`, `Menu_ID`) VALUES ('2', '11');
INSERT INTO `compliancedb`.`usergroup_menu_map` (`User_Group_ID`, `Menu_ID`) VALUES ('2', '12');
INSERT INTO `compliancedb`.`usergroup_menu_map` (`User_Group_ID`, `Menu_ID`) VALUES ('2', '13');
INSERT INTO `compliancedb`.`usergroup_menu_map` (`User_Group_ID`, `Menu_ID`) VALUES ('2', '14');
INSERT INTO `compliancedb`.`usergroup_menu_map` (`User_Group_ID`, `Menu_ID`) VALUES ('2', '15');
INSERT INTO `compliancedb`.`usergroup_menu_map` (`User_Group_ID`, `Menu_ID`) VALUES ('2', '16');
INSERT INTO `compliancedb`.`usergroup_menu_map` (`User_Group_ID`, `Menu_ID`) VALUES ('2', '17');
INSERT INTO `compliancedb`.`usergroup_menu_map` (`User_Group_ID`, `Menu_ID`) VALUES ('2', '18');
INSERT INTO `compliancedb`.`usergroup_menu_map` (`User_Group_ID`, `Menu_ID`) VALUES ('2', '19');
INSERT INTO `compliancedb`.`usergroup_menu_map` (`User_Group_ID`, `Menu_ID`) VALUES ('2', '20');
INSERT INTO `compliancedb`.`usergroup_menu_map` (`User_Group_ID`, `Menu_ID`) VALUES ('2', '21');
INSERT INTO `compliancedb`.`usergroup_menu_map` (`User_Group_ID`, `Menu_ID`) VALUES ('2', '22');
INSERT INTO `compliancedb`.`usergroup_menu_map` (`User_Group_ID`, `Menu_ID`) VALUES ('2', '23');
INSERT INTO `compliancedb`.`usergroup_menu_map` (`User_Group_ID`, `Menu_ID`) VALUES ('3', '14');
INSERT INTO `compliancedb`.`usergroup_menu_map` (`User_Group_ID`, `Menu_ID`) VALUES ('3', '15');
INSERT INTO `compliancedb`.`usergroup_menu_map` (`User_Group_ID`, `Menu_ID`) VALUES ('3', '16');
INSERT INTO `compliancedb`.`usergroup_menu_map` (`User_Group_ID`, `Menu_ID`) VALUES ('3', '17');
INSERT INTO `compliancedb`.`usergroup_menu_map` (`User_Group_ID`, `Menu_ID`) VALUES ('4', '18');
INSERT INTO `compliancedb`.`usergroup_menu_map` (`User_Group_ID`, `Menu_ID`) VALUES ('4', '19');

Insert into state values (	1	,	101	,	TRIM("	Andhra Pradesh	")	,	1	);
Insert into state values (	2	,	102	,	TRIM("	Arunachal Pradesh	")	,	1	);
Insert into state values (	3	,	103	,	TRIM("	Assam	")	,	1	);
Insert into state values (	4	,	104	,	TRIM("	Bihar	")	,	1	);
Insert into state values (	5	,	105	,	TRIM("	Chhattisgarh	")	,	1	);
Insert into state values (	6	,	106	,	TRIM("	Goa	")	,	1	);
Insert into state values (	7	,	107	,	TRIM("	Gujarat	")	,	1	);
Insert into state values (	8	,	108	,	TRIM("	Haryana	")	,	1	);
Insert into state values (	9	,	109	,	TRIM("	Himachal Pradesh	")	,	1	);
Insert into state values (	10	,	110	,	TRIM("	Jammu and Kashmir	")	,	1	);
Insert into state values (	11	,	111	,	TRIM("	Jharkhand	")	,	1	);
Insert into state values (	12	,	112	,	TRIM("	Karnataka	")	,	1	);
Insert into state values (	13	,	113	,	TRIM("	Kerala	")	,	1	);
Insert into state values (	14	,	114	,	TRIM("	Madhya Pradesh	")	,	1	);
Insert into state values (	15	,	115	,	TRIM("	Maharashtra	")	,	1	);
Insert into state values (	16	,	116	,	TRIM("	Manipur	")	,	1	);
Insert into state values (	17	,	117	,	TRIM("	Meghalaya	")	,	1	);
Insert into state values (	18	,	118	,	TRIM("	Mizoram	")	,	1	);
Insert into state values (	19	,	119	,	TRIM("	Nagaland	")	,	1	);
Insert into state values (	20	,	120	,	TRIM("	Orissa	")	,	1	);
Insert into state values (	21	,	121	,	TRIM("	Punjab	")	,	1	);
Insert into state values (	22	,	122	,	TRIM("	Rajasthan	")	,	1	);
Insert into state values (	23	,	123	,	TRIM("	Sikkim	")	,	1	);
Insert into state values (	24	,	124	,	TRIM("	Tamil Nadu	")	,	1	);
Insert into state values (	25	,	125	,	TRIM("	Tripura	")	,	1	);
Insert into state values (	26	,	126	,	TRIM("	Uttarakhand	")	,	1	);
Insert into state values (	27	,	127	,	TRIM("	Uttar Pradesh	")	,	1	);
Insert into state values (	28	,	128	,	TRIM("	West Bengal	")	,	1	);
Insert into state values (	29	,	129	,	TRIM("	Telangana	")	,	1	);
Insert into state values (	30	,	130	,	TRIM("	Andaman and Nicobar Islands	")	,	1	);
Insert into state values (	31	,	131	,	TRIM("	Chandigarh	")	,	1	);
Insert into state values (	32	,	132	,	TRIM("	Dadra and Nagar Haveli	")	,	1	);
Insert into state values (	33	,	133	,	TRIM("	Daman and Diu	")	,	1	);
Insert into state values (	34	,	134	,	TRIM("	Delhi	")	,	1	);
Insert into state values (	35	,	135	,	TRIM("	Lakshadweep	")	,	1	);
Insert into state values (	36	,	136	,	TRIM("	Pondicherry	")	,	1	);

INSERT INTO CITY VALUES 	(	1	,	trim("	Mumbai	")	,	15	);
INSERT INTO CITY VALUES 	(	2	,	trim("	Delhi	")	,	5	);
INSERT INTO CITY VALUES 	(	3	,	trim("	Bengaluru	")	,	12	);
INSERT INTO CITY VALUES 	(	4	,	trim("	Ahmedabad	")	,	7	);
INSERT INTO CITY VALUES 	(	5	,	trim("	Hyderabad	")	,	24	);
INSERT INTO CITY VALUES 	(	6	,	trim("	Chennai	")	,	24	);
INSERT INTO CITY VALUES 	(	7	,	trim("	Kolkata	")	,	36	);
INSERT INTO CITY VALUES 	(	8	,	trim("	Pune	")	,	15	);
INSERT INTO CITY VALUES 	(	9	,	trim("	Jaipur	")	,	22	);
INSERT INTO CITY VALUES 	(	10	,	trim("	Surat	")	,	7	);
INSERT INTO CITY VALUES 	(	11	,	trim("	Lucknow	")	,	27	);
INSERT INTO CITY VALUES 	(	12	,	trim("	Kanpur	")	,	27	);
INSERT INTO CITY VALUES 	(	13	,	trim("	Nagpur	")	,	15	);
INSERT INTO CITY VALUES 	(	14	,	trim("	Patna	")	,	4	);
INSERT INTO CITY VALUES 	(	15	,	trim("	Indore	")	,	14	);
INSERT INTO CITY VALUES 	(	16	,	trim("	Thane	")	,	15	);
INSERT INTO CITY VALUES 	(	17	,	trim("	Bhopal	")	,	14	);
INSERT INTO CITY VALUES 	(	18	,	trim("	Visakhapatnam	")	,	1	);
INSERT INTO CITY VALUES 	(	19	,	trim("	Vadodara	")	,	7	);
INSERT INTO CITY VALUES 	(	20	,	trim("	Firozabad	")	,	27	);
INSERT INTO CITY VALUES 	(	21	,	trim("	Ludhiana	")	,	21	);
INSERT INTO CITY VALUES 	(	22	,	trim("	Rajkot	")	,	7	);
INSERT INTO CITY VALUES 	(	23	,	trim("	Agra	")	,	27	);
INSERT INTO CITY VALUES 	(	24	,	trim("	Siliguri	")	,	36	);
INSERT INTO CITY VALUES 	(	25	,	trim("	Nashik	")	,	15	);
INSERT INTO CITY VALUES 	(	26	,	trim("	Faridabad	")	,	8	);
INSERT INTO CITY VALUES 	(	27	,	trim("	Patiala	")	,	21	);
INSERT INTO CITY VALUES 	(	28	,	trim("	Meerut	")	,	27	);
INSERT INTO CITY VALUES 	(	29	,	trim("	Kalyan-Dombivali	")	,	15	);
INSERT INTO CITY VALUES 	(	30	,	trim("	Vasai-Virar	")	,	15	);
INSERT INTO CITY VALUES 	(	31	,	trim("	Varanasi	")	,	27	);
INSERT INTO CITY VALUES 	(	32	,	trim("	Srinagar	")	,	10	);
INSERT INTO CITY VALUES 	(	33	,	trim("	Dhanbad	")	,	11	);
INSERT INTO CITY VALUES 	(	34	,	trim("	Jodhpur	")	,	22	);
INSERT INTO CITY VALUES 	(	35	,	trim("	Amritsar	")	,	21	);
INSERT INTO CITY VALUES 	(	36	,	trim("	Raipur	")	,	5	);
INSERT INTO CITY VALUES 	(	37	,	trim("	Allahabad	")	,	27	);
INSERT INTO CITY VALUES 	(	38	,	trim("	Coimbatore	")	,	24	);
INSERT INTO CITY VALUES 	(	39	,	trim("	Jabalpur	")	,	14	);
INSERT INTO CITY VALUES 	(	40	,	trim("	Gwalior	")	,	14	);
INSERT INTO CITY VALUES 	(	41	,	trim("	Vijayawada	")	,	1	);
INSERT INTO CITY VALUES 	(	42	,	trim("	Madurai	")	,	24	);
INSERT INTO CITY VALUES 	(	43	,	trim("	Guwahati	")	,	3	);
INSERT INTO CITY VALUES 	(	44	,	trim("	Chandigarh	")	,	4	);
INSERT INTO CITY VALUES 	(	45	,	trim("	Hubli-Dharwad	")	,	12	);
INSERT INTO CITY VALUES 	(	46	,	trim("	Amroha	")	,	27	);
INSERT INTO CITY VALUES 	(	47	,	trim("	Moradabad	")	,	27	);
INSERT INTO CITY VALUES 	(	48	,	trim("	Gurgaon	")	,	8	);
INSERT INTO CITY VALUES 	(	49	,	trim("	Aligarh	")	,	27	);
INSERT INTO CITY VALUES 	(	50	,	trim("	Solapur	")	,	15	);
INSERT INTO CITY VALUES 	(	51	,	trim("	Ranchi	")	,	11	);
INSERT INTO CITY VALUES 	(	52	,	trim("	Jalandhar	")	,	21	);
INSERT INTO CITY VALUES 	(	53	,	trim("	Tiruchirappalli	")	,	24	);
INSERT INTO CITY VALUES 	(	54	,	trim("	Bhubaneswar	")	,	19	);
INSERT INTO CITY VALUES 	(	55	,	trim("	Salem	")	,	24	);
INSERT INTO CITY VALUES 	(	56	,	trim("	Warangal	")	,	24	);
INSERT INTO CITY VALUES 	(	57	,	trim("	Mira-Bhayandar	")	,	15	);
INSERT INTO CITY VALUES 	(	58	,	trim("	Thiruvananthapuram	")	,	13	);
INSERT INTO CITY VALUES 	(	59	,	trim("	Bhiwandi	")	,	15	);
INSERT INTO CITY VALUES 	(	60	,	trim("	Saharanpur	")	,	27	);
INSERT INTO CITY VALUES 	(	61	,	trim("	Guntur	")	,	1	);
INSERT INTO CITY VALUES 	(	62	,	trim("	Amravati	")	,	15	);
INSERT INTO CITY VALUES 	(	63	,	trim("	Bikaner	")	,	22	);
INSERT INTO CITY VALUES 	(	64	,	trim("	Noida	")	,	27	);
INSERT INTO CITY VALUES 	(	65	,	trim("	Jamshedpur	")	,	11	);
INSERT INTO CITY VALUES 	(	66	,	trim("	Bhilai Nagar	")	,	5	);
INSERT INTO CITY VALUES 	(	67	,	trim("	Cuttack	")	,	19	);
INSERT INTO CITY VALUES 	(	68	,	trim("	Kochi	")	,	13	);
INSERT INTO CITY VALUES 	(	69	,	trim("	Udaipur	")	,	22	);
INSERT INTO CITY VALUES 	(	70	,	trim("	Bhavnagar	")	,	7	);
INSERT INTO CITY VALUES 	(	71	,	trim("	Dehradun	")	,	36	);
INSERT INTO CITY VALUES 	(	72	,	trim("	Asansol	")	,	36	);
INSERT INTO CITY VALUES 	(	73	,	trim("	Nanded-Waghala	")	,	15	);
INSERT INTO CITY VALUES 	(	74	,	trim("	Ajmer	")	,	22	);
INSERT INTO CITY VALUES 	(	75	,	trim("	Jamnagar	")	,	7	);
INSERT INTO CITY VALUES 	(	76	,	trim("	Ujjain	")	,	14	);
INSERT INTO CITY VALUES 	(	77	,	trim("	Sangli	")	,	15	);
INSERT INTO CITY VALUES 	(	78	,	trim("	Loni	")	,	27	);
INSERT INTO CITY VALUES 	(	79	,	trim("	Jhansi	")	,	27	);
INSERT INTO CITY VALUES 	(	80	,	trim("	Pondicherry	")	,	20	);
INSERT INTO CITY VALUES 	(	81	,	trim("	Nellore	")	,	1	);
INSERT INTO CITY VALUES 	(	82	,	trim("	Jammu	")	,	10	);
INSERT INTO CITY VALUES 	(	83	,	trim("	Belagavi	")	,	12	);
INSERT INTO CITY VALUES 	(	84	,	trim("	Raurkela	")	,	19	);
INSERT INTO CITY VALUES 	(	85	,	trim("	Mangaluru	")	,	12	);
INSERT INTO CITY VALUES 	(	86	,	trim("	Tirunelveli	")	,	24	);
INSERT INTO CITY VALUES 	(	87	,	trim("	Malegaon	")	,	15	);
INSERT INTO CITY VALUES 	(	88	,	trim("	Gaya	")	,	4	);
INSERT INTO CITY VALUES 	(	89	,	trim("	Tiruppur	")	,	24	);
INSERT INTO CITY VALUES 	(	90	,	trim("	Davanagere	")	,	12	);
INSERT INTO CITY VALUES 	(	91	,	trim("	Kozhikode	")	,	13	);
INSERT INTO CITY VALUES 	(	92	,	trim("	Akola	")	,	15	);
INSERT INTO CITY VALUES 	(	93	,	trim("	Kurnool	")	,	1	);
INSERT INTO CITY VALUES 	(	94	,	trim("	Bokaro Steel City	")	,	11	);
INSERT INTO CITY VALUES 	(	95	,	trim("	Rajahmundry	")	,	1	);
INSERT INTO CITY VALUES 	(	96	,	trim("	Ballari	")	,	12	);
INSERT INTO CITY VALUES 	(	97	,	trim("	Agartala	")	,	25	);
INSERT INTO CITY VALUES 	(	98	,	trim("	Bhagalpur	")	,	4	);
INSERT INTO CITY VALUES 	(	99	,	trim("	Latur	")	,	15	);
INSERT INTO CITY VALUES 	(	100	,	trim("	Dhule	")	,	15	);
INSERT INTO CITY VALUES 	(	101	,	trim("	Korba	")	,	5	);
INSERT INTO CITY VALUES 	(	102	,	trim("	Bhilwara	")	,	22	);
INSERT INTO CITY VALUES 	(	103	,	trim("	Brahmapur	")	,	19	);
INSERT INTO CITY VALUES 	(	104	,	trim("	Mysore	")	,	12	);
INSERT INTO CITY VALUES 	(	105	,	trim("	Muzaffarpur	")	,	4	);
INSERT INTO CITY VALUES 	(	106	,	trim("	Ahmednagar	")	,	15	);
INSERT INTO CITY VALUES 	(	107	,	trim("	Kollam	")	,	13	);
INSERT INTO CITY VALUES 	(	108	,	trim("	Raghunathganj	")	,	36	);
INSERT INTO CITY VALUES 	(	109	,	trim("	Bilaspur	")	,	5	);
INSERT INTO CITY VALUES 	(	110	,	trim("	Shahjahanpur	")	,	27	);
INSERT INTO CITY VALUES 	(	111	,	trim("	Thrissur	")	,	13	);
INSERT INTO CITY VALUES 	(	112	,	trim("	Alwar	")	,	22	);
INSERT INTO CITY VALUES 	(	113	,	trim("	Kakinada	")	,	1	);
INSERT INTO CITY VALUES 	(	114	,	trim("	Nizamabad	")	,	24	);
INSERT INTO CITY VALUES 	(	115	,	trim("	Sagar	")	,	14	);
INSERT INTO CITY VALUES 	(	116	,	trim("	Tumkur	")	,	12	);
INSERT INTO CITY VALUES 	(	117	,	trim("	Hisar	")	,	8	);
INSERT INTO CITY VALUES 	(	118	,	trim("	Rohtak	")	,	8	);
INSERT INTO CITY VALUES 	(	119	,	trim("	Panipat	")	,	8	);
INSERT INTO CITY VALUES 	(	120	,	trim("	Darbhanga	")	,	4	);
INSERT INTO CITY VALUES 	(	121	,	trim("	Kharagpur	")	,	36	);
INSERT INTO CITY VALUES 	(	122	,	trim("	Aizawl	")	,	18	);
INSERT INTO CITY VALUES 	(	123	,	trim("	Ichalkaranji	")	,	15	);
INSERT INTO CITY VALUES 	(	124	,	trim("	Tirupati	")	,	1	);
INSERT INTO CITY VALUES 	(	125	,	trim("	Karnal	")	,	8	);
INSERT INTO CITY VALUES 	(	126	,	trim("	Bathinda	")	,	21	);
INSERT INTO CITY VALUES 	(	127	,	trim("	Rampur	")	,	27	);
INSERT INTO CITY VALUES 	(	128	,	trim("	Shivamogga	")	,	12	);
INSERT INTO CITY VALUES 	(	129	,	trim("	Ratlam	")	,	14	);
INSERT INTO CITY VALUES 	(	130	,	trim("	Modinagar	")	,	27	);
INSERT INTO CITY VALUES 	(	131	,	trim("	Durg	")	,	5	);
INSERT INTO CITY VALUES 	(	132	,	trim("	Shillong	")	,	17	);
INSERT INTO CITY VALUES 	(	133	,	trim("	Imphal	")	,	16	);
INSERT INTO CITY VALUES 	(	134	,	trim("	Hapur	")	,	27	);
INSERT INTO CITY VALUES 	(	135	,	trim("	Ranipet	")	,	24	);
INSERT INTO CITY VALUES 	(	136	,	trim("	Anantapur	")	,	1	);
INSERT INTO CITY VALUES 	(	137	,	trim("	Arrah	")	,	4	);
INSERT INTO CITY VALUES 	(	138	,	trim("	Karimnagar	")	,	24	);
INSERT INTO CITY VALUES 	(	139	,	trim("	Parbhani	")	,	15	);
INSERT INTO CITY VALUES 	(	140	,	trim("	Etawah	")	,	27	);
INSERT INTO CITY VALUES 	(	141	,	trim("	Bharatpur	")	,	22	);
INSERT INTO CITY VALUES 	(	142	,	trim("	Begusarai	")	,	4	);
INSERT INTO CITY VALUES 	(	143	,	trim("	New Delhi	")	,	5	);
INSERT INTO CITY VALUES 	(	144	,	trim("	Chhapra	")	,	4	);
INSERT INTO CITY VALUES 	(	145	,	trim("	Kadapa	")	,	1	);
INSERT INTO CITY VALUES 	(	146	,	trim("	Ramagundam	")	,	24	);
INSERT INTO CITY VALUES 	(	147	,	trim("	Pali	")	,	22	);
INSERT INTO CITY VALUES 	(	148	,	trim("	Satna	")	,	14	);
INSERT INTO CITY VALUES 	(	149	,	trim("	Vizianagaram	")	,	1	);
INSERT INTO CITY VALUES 	(	150	,	trim("	Katihar	")	,	4	);
INSERT INTO CITY VALUES 	(	151	,	trim("	Hardwar	")	,	36	);
INSERT INTO CITY VALUES 	(	152	,	trim("	Sonipat	")	,	8	);
INSERT INTO CITY VALUES 	(	153	,	trim("	Nagercoil	")	,	24	);
INSERT INTO CITY VALUES 	(	154	,	trim("	Thanjavur	")	,	24	);
INSERT INTO CITY VALUES 	(	155	,	trim("	Murwara (Katni)	")	,	14	);
INSERT INTO CITY VALUES 	(	156	,	trim("	Naihati	")	,	36	);
INSERT INTO CITY VALUES 	(	157	,	trim("	Sambhal	")	,	27	);
INSERT INTO CITY VALUES 	(	158	,	trim("	Nadiad	")	,	7	);
INSERT INTO CITY VALUES 	(	159	,	trim("	Yamunanagar	")	,	8	);
INSERT INTO CITY VALUES 	(	160	,	trim("	English Bazar	")	,	36	);
INSERT INTO CITY VALUES 	(	161	,	trim("	Eluru	")	,	1	);
INSERT INTO CITY VALUES 	(	162	,	trim("	Munger	")	,	4	);
INSERT INTO CITY VALUES 	(	163	,	trim("	Panchkula	")	,	8	);
INSERT INTO CITY VALUES 	(	164	,	trim("	Raayachuru	")	,	12	);
INSERT INTO CITY VALUES 	(	165	,	trim("	Panvel	")	,	15	);
INSERT INTO CITY VALUES 	(	166	,	trim("	Deoghar	")	,	11	);
INSERT INTO CITY VALUES 	(	167	,	trim("	Ongole	")	,	1	);
INSERT INTO CITY VALUES 	(	168	,	trim("	Nandyal	")	,	1	);
INSERT INTO CITY VALUES 	(	169	,	trim("	Morena	")	,	14	);
INSERT INTO CITY VALUES 	(	170	,	trim("	Bhiwani	")	,	8	);
INSERT INTO CITY VALUES 	(	171	,	trim("	Porbandar	")	,	7	);
INSERT INTO CITY VALUES 	(	172	,	trim("	Palakkad	")	,	13	);
INSERT INTO CITY VALUES 	(	173	,	trim("	Anand	")	,	7	);
INSERT INTO CITY VALUES 	(	174	,	trim("	Purnia	")	,	4	);
INSERT INTO CITY VALUES 	(	175	,	trim("	Baharampur	")	,	36	);
INSERT INTO CITY VALUES 	(	176	,	trim("	Barmer	")	,	22	);
INSERT INTO CITY VALUES 	(	177	,	trim("	Morvi	")	,	7	);
INSERT INTO CITY VALUES 	(	178	,	trim("	Orai	")	,	27	);
INSERT INTO CITY VALUES 	(	179	,	trim("	Bahraich	")	,	27	);
INSERT INTO CITY VALUES 	(	180	,	trim("	Sikar	")	,	22	);
INSERT INTO CITY VALUES 	(	181	,	trim("	Vellore	")	,	24	);
INSERT INTO CITY VALUES 	(	182	,	trim("	Singrauli	")	,	14	);
INSERT INTO CITY VALUES 	(	183	,	trim("	Khammam	")	,	24	);
INSERT INTO CITY VALUES 	(	184	,	trim("	Mahesana	")	,	7	);
INSERT INTO CITY VALUES 	(	185	,	trim("	Silchar	")	,	3	);
INSERT INTO CITY VALUES 	(	186	,	trim("	Sambalpur	")	,	19	);
INSERT INTO CITY VALUES 	(	187	,	trim("	Rewa	")	,	14	);
INSERT INTO CITY VALUES 	(	188	,	trim("	Unnao	")	,	27	);
INSERT INTO CITY VALUES 	(	189	,	trim("	Hugli-Chinsurah	")	,	36	);
INSERT INTO CITY VALUES 	(	190	,	trim("	Raiganj	")	,	36	);
INSERT INTO CITY VALUES 	(	191	,	trim("	Phusro	")	,	11	);
INSERT INTO CITY VALUES 	(	192	,	trim("	Adityapur	")	,	11	);
INSERT INTO CITY VALUES 	(	193	,	trim("	Alappuzha	")	,	13	);
INSERT INTO CITY VALUES 	(	194	,	trim("	Bahadurgarh	")	,	8	);
INSERT INTO CITY VALUES 	(	195	,	trim("	Machilipatnam	")	,	1	);
INSERT INTO CITY VALUES 	(	196	,	trim("	Rae Bareli	")	,	27	);
INSERT INTO CITY VALUES 	(	197	,	trim("	Jalpaiguri	")	,	36	);
INSERT INTO CITY VALUES 	(	198	,	trim("	Bharuch	")	,	7	);
INSERT INTO CITY VALUES 	(	199	,	trim("	Pathankot	")	,	21	);
INSERT INTO CITY VALUES 	(	200	,	trim("	Hoshiarpur	")	,	21	);
INSERT INTO CITY VALUES 	(	201	,	trim("	Baramula	")	,	10	);
INSERT INTO CITY VALUES 	(	202	,	trim("	Adoni	")	,	1	);
INSERT INTO CITY VALUES 	(	203	,	trim("	Jind	")	,	8	);
INSERT INTO CITY VALUES 	(	204	,	trim("	Tonk	")	,	22	);
INSERT INTO CITY VALUES 	(	205	,	trim("	Tenali	")	,	1	);
INSERT INTO CITY VALUES 	(	206	,	trim("	Kancheepuram	")	,	24	);
INSERT INTO CITY VALUES 	(	207	,	trim("	Vapi	")	,	7	);
INSERT INTO CITY VALUES 	(	208	,	trim("	Sirsa	")	,	8	);
INSERT INTO CITY VALUES 	(	209	,	trim("	Navsari	")	,	7	);
INSERT INTO CITY VALUES 	(	210	,	trim("	Mahbubnagar	")	,	24	);
INSERT INTO CITY VALUES 	(	211	,	trim("	Puri	")	,	19	);
INSERT INTO CITY VALUES 	(	212	,	trim("	Robertson Pet	")	,	12	);
INSERT INTO CITY VALUES 	(	213	,	trim("	Erode	")	,	24	);
INSERT INTO CITY VALUES 	(	214	,	trim("	Batala	")	,	21	);
INSERT INTO CITY VALUES 	(	215	,	trim("	Haldwani-cum-Kathgodam	")	,	36	);
INSERT INTO CITY VALUES 	(	216	,	trim("	Vidisha	")	,	14	);
INSERT INTO CITY VALUES 	(	217	,	trim("	Saharsa	")	,	4	);
INSERT INTO CITY VALUES 	(	218	,	trim("	Thanesar	")	,	8	);
INSERT INTO CITY VALUES 	(	219	,	trim("	Chittoor	")	,	1	);
INSERT INTO CITY VALUES 	(	220	,	trim("	Veraval	")	,	7	);
INSERT INTO CITY VALUES 	(	221	,	trim("	Lakhimpur	")	,	27	);
INSERT INTO CITY VALUES 	(	222	,	trim("	Sitapur	")	,	27	);
INSERT INTO CITY VALUES 	(	223	,	trim("	Hindupur	")	,	1	);
INSERT INTO CITY VALUES 	(	224	,	trim("	Santipur	")	,	36	);
INSERT INTO CITY VALUES 	(	225	,	trim("	Balurghat	")	,	36	);
INSERT INTO CITY VALUES 	(	226	,	trim("	Ganjbasoda	")	,	14	);
INSERT INTO CITY VALUES 	(	227	,	trim("	Moga	")	,	21	);
INSERT INTO CITY VALUES 	(	228	,	trim("	Proddatur	")	,	1	);
INSERT INTO CITY VALUES 	(	229	,	trim("	Srinagar	")	,	36	);
INSERT INTO CITY VALUES 	(	230	,	trim("	Medinipur	")	,	36	);
INSERT INTO CITY VALUES 	(	231	,	trim("	Habra	")	,	36	);
INSERT INTO CITY VALUES 	(	232	,	trim("	Sasaram	")	,	4	);
INSERT INTO CITY VALUES 	(	233	,	trim("	Hajipur	")	,	4	);
INSERT INTO CITY VALUES 	(	234	,	trim("	Bhuj	")	,	7	);
INSERT INTO CITY VALUES 	(	235	,	trim("	Shivpuri	")	,	14	);
INSERT INTO CITY VALUES 	(	236	,	trim("	Ranaghat	")	,	36	);
INSERT INTO CITY VALUES 	(	237	,	trim("	Shimla	")	,	9	);
INSERT INTO CITY VALUES 	(	238	,	trim("	Tiruvannamalai	")	,	24	);
INSERT INTO CITY VALUES 	(	239	,	trim("	Kaithal	")	,	8	);
INSERT INTO CITY VALUES 	(	240	,	trim("	Rajnandgaon	")	,	5	);
INSERT INTO CITY VALUES 	(	241	,	trim("	Godhra	")	,	7	);
INSERT INTO CITY VALUES 	(	242	,	trim("	Hazaribag	")	,	11	);
INSERT INTO CITY VALUES 	(	243	,	trim("	Bhimavaram	")	,	1	);
INSERT INTO CITY VALUES 	(	244	,	trim("	Mandsaur	")	,	14	);
INSERT INTO CITY VALUES 	(	245	,	trim("	Dibrugarh	")	,	3	);
INSERT INTO CITY VALUES 	(	246	,	trim("	Kolar	")	,	12	);
INSERT INTO CITY VALUES 	(	247	,	trim("	Bankura	")	,	36	);
INSERT INTO CITY VALUES 	(	248	,	trim("	Mandya	")	,	12	);
INSERT INTO CITY VALUES 	(	249	,	trim("	Dehri-on-Sone	")	,	4	);
INSERT INTO CITY VALUES 	(	250	,	trim("	Madanapalle	")	,	1	);
INSERT INTO CITY VALUES 	(	251	,	trim("	Malerkotla	")	,	21	);
INSERT INTO CITY VALUES 	(	252	,	trim("	Lalitpur	")	,	27	);
INSERT INTO CITY VALUES 	(	253	,	trim("	Bettiah	")	,	4	);
INSERT INTO CITY VALUES 	(	254	,	trim("	Pollachi	")	,	24	);
INSERT INTO CITY VALUES 	(	255	,	trim("	Khanna	")	,	21	);
INSERT INTO CITY VALUES 	(	256	,	trim("	Neemuch	")	,	14	);
INSERT INTO CITY VALUES 	(	257	,	trim("	Palwal	")	,	8	);
INSERT INTO CITY VALUES 	(	258	,	trim("	Palanpur	")	,	7	);
INSERT INTO CITY VALUES 	(	259	,	trim("	Guntakal	")	,	1	);
INSERT INTO CITY VALUES 	(	260	,	trim("	Nabadwip	")	,	36	);
INSERT INTO CITY VALUES 	(	261	,	trim("	Udupi	")	,	12	);
INSERT INTO CITY VALUES 	(	262	,	trim("	Jagdalpur	")	,	5	);
INSERT INTO CITY VALUES 	(	263	,	trim("	Motihari	")	,	4	);
INSERT INTO CITY VALUES 	(	264	,	trim("	Pilibhit	")	,	27	);
INSERT INTO CITY VALUES 	(	265	,	trim("	Dimapur	")	,	19	);
INSERT INTO CITY VALUES 	(	266	,	trim("	Mohali	")	,	21	);
INSERT INTO CITY VALUES 	(	267	,	trim("	Sadulpur	")	,	22	);
INSERT INTO CITY VALUES 	(	268	,	trim("	Rajapalayam	")	,	24	);
INSERT INTO CITY VALUES 	(	269	,	trim("	Dharmavaram	")	,	1	);
INSERT INTO CITY VALUES 	(	270	,	trim("	Kashipur	")	,	36	);
INSERT INTO CITY VALUES 	(	271	,	trim("	Sivakasi	")	,	24	);
INSERT INTO CITY VALUES 	(	272	,	trim("	Darjiling	")	,	36	);
INSERT INTO CITY VALUES 	(	273	,	trim("	Chikkamagaluru	")	,	12	);
INSERT INTO CITY VALUES 	(	274	,	trim("	Gudivada	")	,	1	);
INSERT INTO CITY VALUES 	(	275	,	trim("	Baleshwar Town	")	,	19	);
INSERT INTO CITY VALUES 	(	276	,	trim("	Mancherial	")	,	24	);
INSERT INTO CITY VALUES 	(	277	,	trim("	Srikakulam	")	,	1	);
INSERT INTO CITY VALUES 	(	278	,	trim("	Adilabad	")	,	24	);
INSERT INTO CITY VALUES 	(	279	,	trim("	Yavatmal	")	,	15	);
INSERT INTO CITY VALUES 	(	280	,	trim("	Barnala	")	,	21	);
INSERT INTO CITY VALUES 	(	281	,	trim("	Nagaon	")	,	3	);
INSERT INTO CITY VALUES 	(	282	,	trim("	Narasaraopet	")	,	1	);
INSERT INTO CITY VALUES 	(	283	,	trim("	Raigarh	")	,	5	);
INSERT INTO CITY VALUES 	(	284	,	trim("	Roorkee	")	,	36	);
INSERT INTO CITY VALUES 	(	285	,	trim("	Valsad	")	,	7	);
INSERT INTO CITY VALUES 	(	286	,	trim("	Ambikapur	")	,	5	);
INSERT INTO CITY VALUES 	(	287	,	trim("	Giridih	")	,	11	);
INSERT INTO CITY VALUES 	(	288	,	trim("	Chandausi	")	,	27	);
INSERT INTO CITY VALUES 	(	289	,	trim("	Purulia	")	,	36	);
INSERT INTO CITY VALUES 	(	290	,	trim("	Patan	")	,	7	);
INSERT INTO CITY VALUES 	(	291	,	trim("	Bagaha	")	,	4	);
INSERT INTO CITY VALUES 	(	292	,	trim("	Hardoi 	")	,	27	);
INSERT INTO CITY VALUES 	(	293	,	trim("	Achalpur	")	,	15	);
INSERT INTO CITY VALUES 	(	294	,	trim("	Osmanabad	")	,	15	);
INSERT INTO CITY VALUES 	(	295	,	trim("	Deesa	")	,	7	);
INSERT INTO CITY VALUES 	(	296	,	trim("	Nandurbar	")	,	15	);
INSERT INTO CITY VALUES 	(	297	,	trim("	Azamgarh	")	,	27	);
INSERT INTO CITY VALUES 	(	298	,	trim("	Ramgarh	")	,	11	);
INSERT INTO CITY VALUES 	(	299	,	trim("	Firozpur	")	,	21	);
INSERT INTO CITY VALUES 	(	300	,	trim("	Baripada Town	")	,	19	);
INSERT INTO CITY VALUES 	(	301	,	trim("	Karwar	")	,	12	);
INSERT INTO CITY VALUES 	(	302	,	trim("	Siwan	")	,	4	);
INSERT INTO CITY VALUES 	(	303	,	trim("	Rajampet	")	,	1	);
INSERT INTO CITY VALUES 	(	304	,	trim("	Pudukkottai	")	,	24	);
INSERT INTO CITY VALUES 	(	305	,	trim("	Anantnag	")	,	10	);
INSERT INTO CITY VALUES 	(	306	,	trim("	Tadpatri	")	,	1	);
INSERT INTO CITY VALUES 	(	307	,	trim("	Satara	")	,	15	);
INSERT INTO CITY VALUES 	(	308	,	trim("	Bhadrak	")	,	19	);
INSERT INTO CITY VALUES 	(	309	,	trim("	Kishanganj	")	,	4	);
INSERT INTO CITY VALUES 	(	310	,	trim("	Suryapet	")	,	24	);
INSERT INTO CITY VALUES 	(	311	,	trim("	Wardha	")	,	15	);
INSERT INTO CITY VALUES 	(	312	,	trim("	Ranebennuru	")	,	12	);
INSERT INTO CITY VALUES 	(	313	,	trim("	Amreli	")	,	7	);
INSERT INTO CITY VALUES 	(	314	,	trim("	Neyveli (TS)	")	,	24	);
INSERT INTO CITY VALUES 	(	315	,	trim("	Jamalpur	")	,	4	);
INSERT INTO CITY VALUES 	(	316	,	trim("	Marmagao	")	,	6	);
INSERT INTO CITY VALUES 	(	317	,	trim("	Udgir	")	,	15	);
INSERT INTO CITY VALUES 	(	318	,	trim("	Tadepalligudem	")	,	1	);
INSERT INTO CITY VALUES 	(	319	,	trim("	Nagapattinam	")	,	24	);
INSERT INTO CITY VALUES 	(	320	,	trim("	Buxar	")	,	4	);
INSERT INTO CITY VALUES 	(	321	,	trim("	Aurangabad	")	,	15	);
INSERT INTO CITY VALUES 	(	322	,	trim("	Jehanabad	")	,	4	);
INSERT INTO CITY VALUES 	(	323	,	trim("	Phagwara	")	,	21	);
INSERT INTO CITY VALUES 	(	324	,	trim("	Khair	")	,	27	);
INSERT INTO CITY VALUES 	(	325	,	trim("	Sawai Madhopur	")	,	22	);
INSERT INTO CITY VALUES 	(	326	,	trim("	Kapurthala	")	,	21	);
INSERT INTO CITY VALUES 	(	327	,	trim("	Chilakaluripet	")	,	1	);
INSERT INTO CITY VALUES 	(	328	,	trim("	Aurangabad	")	,	4	);
INSERT INTO CITY VALUES 	(	329	,	trim("	Malappuram	")	,	13	);
INSERT INTO CITY VALUES 	(	330	,	trim("	Rewari	")	,	8	);
INSERT INTO CITY VALUES 	(	331	,	trim("	Nagaur	")	,	22	);
INSERT INTO CITY VALUES 	(	332	,	trim("	Sultanpur	")	,	27	);
INSERT INTO CITY VALUES 	(	333	,	trim("	Nagda	")	,	14	);


INSERT INTO CITY VALUES  	(	335	,	trim("	Lakhisarai	")	,	4	);
INSERT INTO CITY VALUES 	(	336	,	trim("	Panaji	")	,	6	);
INSERT INTO CITY VALUES 	(	337	,	trim("	Tinsukia	")	,	3	);
INSERT INTO CITY VALUES 	(	338	,	trim("	Itarsi	")	,	14	);
INSERT INTO CITY VALUES 	(	339	,	trim("	Kohima	")	,	19	);
INSERT INTO CITY VALUES 	(	340	,	trim("	Balangir	")	,	19	);
INSERT INTO CITY VALUES 	(	341	,	trim("	Nawada	")	,	4	);
INSERT INTO CITY VALUES 	(	342	,	trim("	Jharsuguda	")	,	19	);
INSERT INTO CITY VALUES 	(	343	,	trim("	Jagtial	")	,	24	);
INSERT INTO CITY VALUES 	(	344	,	trim("	Viluppuram	")	,	24	);
INSERT INTO CITY VALUES 	(	345	,	trim("	Amalner	")	,	15	);
INSERT INTO CITY VALUES 	(	346	,	trim("	Zirakpur	")	,	21	);
INSERT INTO CITY VALUES 	(	347	,	trim("	Tanda	")	,	27	);
INSERT INTO CITY VALUES 	(	348	,	trim("	Tiruchengode	")	,	24	);
INSERT INTO CITY VALUES 	(	349	,	trim("	Nagina	")	,	27	);
INSERT INTO CITY VALUES 	(	350	,	trim("	Yemmiganur	")	,	1	);
INSERT INTO CITY VALUES 	(	351	,	trim("	Vaniyambadi	")	,	24	);
INSERT INTO CITY VALUES 	(	352	,	trim("	Sarni	")	,	14	);
INSERT INTO CITY VALUES 	(	353	,	trim("	Theni Allinagaram	")	,	24	);
INSERT INTO CITY VALUES 	(	354	,	trim("	Margao	")	,	6	);
INSERT INTO CITY VALUES 	(	355	,	trim("	Akot	")	,	15	);
INSERT INTO CITY VALUES 	(	356	,	trim("	Sehore	")	,	14	);
INSERT INTO CITY VALUES 	(	357	,	trim("	Mhow Cantonment	")	,	14	);
INSERT INTO CITY VALUES 	(	358	,	trim("	Kot Kapura	")	,	21	);
INSERT INTO CITY VALUES 	(	359	,	trim("	Makrana	")	,	22	);
INSERT INTO CITY VALUES 	(	360	,	trim("	Pandharpur	")	,	15	);
INSERT INTO CITY VALUES 	(	361	,	trim("	Miryalaguda	")	,	24	);
INSERT INTO CITY VALUES 	(	362	,	trim("	Shamli	")	,	27	);
INSERT INTO CITY VALUES 	(	363	,	trim("	Seoni	")	,	14	);
INSERT INTO CITY VALUES 	(	364	,	trim("	Ranibennur	")	,	12	);
INSERT INTO CITY VALUES 	(	365	,	trim("	Kadiri	")	,	1	);
INSERT INTO CITY VALUES 	(	366	,	trim("	Shrirampur	")	,	15	);
INSERT INTO CITY VALUES 	(	367	,	trim("	Rudrapur	")	,	36	);
INSERT INTO CITY VALUES 	(	368	,	trim("	Parli	")	,	15	);
INSERT INTO CITY VALUES 	(	369	,	trim("	Najibabad	")	,	27	);
INSERT INTO CITY VALUES 	(	370	,	trim("	Nirmal	")	,	24	);
INSERT INTO CITY VALUES 	(	371	,	trim("	Udhagamandalam	")	,	24	);
INSERT INTO CITY VALUES 	(	372	,	trim("	Shikohabad	")	,	27	);
INSERT INTO CITY VALUES 	(	373	,	trim("	Jhumri Tilaiya	")	,	11	);
INSERT INTO CITY VALUES 	(	374	,	trim("	Aruppukkottai	")	,	24	);
INSERT INTO CITY VALUES 	(	375	,	trim("	Ponnani	")	,	13	);
INSERT INTO CITY VALUES 	(	376	,	trim("	Jamui	")	,	4	);
INSERT INTO CITY VALUES 	(	377	,	trim("	Sitamarhi	")	,	4	);
INSERT INTO CITY VALUES 	(	378	,	trim("	Chirala	")	,	1	);
INSERT INTO CITY VALUES 	(	379	,	trim("	Anjar	")	,	7	);
INSERT INTO CITY VALUES 	(	380	,	trim("	Karaikal	")	,	20	);
INSERT INTO CITY VALUES 	(	381	,	trim("	Hansi	")	,	8	);
INSERT INTO CITY VALUES 	(	382	,	trim("	Anakapalle	")	,	1	);
INSERT INTO CITY VALUES 	(	383	,	trim("	Mahasamund	")	,	5	);
INSERT INTO CITY VALUES 	(	384	,	trim("	Faridkot	")	,	21	);
INSERT INTO CITY VALUES 	(	385	,	trim("	Saunda	")	,	11	);
INSERT INTO CITY VALUES 	(	386	,	trim("	Dhoraji	")	,	7	);
INSERT INTO CITY VALUES 	(	387	,	trim("	Paramakudi	")	,	24	);
INSERT INTO CITY VALUES 	(	388	,	trim("	Balaghat	")	,	14	);
INSERT INTO CITY VALUES 	(	389	,	trim("	Sujangarh	")	,	22	);
INSERT INTO CITY VALUES 	(	390	,	trim("	Khambhat	")	,	7	);
INSERT INTO CITY VALUES 	(	391	,	trim("	Muktsar	")	,	21	);
INSERT INTO CITY VALUES 	(	392	,	trim("	Rajpura	")	,	21	);
INSERT INTO CITY VALUES 	(	393	,	trim("	Kavali	")	,	1	);
INSERT INTO CITY VALUES 	(	394	,	trim("	Dhamtari	")	,	5	);
INSERT INTO CITY VALUES 	(	395	,	trim("	Ashok Nagar	")	,	14	);
INSERT INTO CITY VALUES 	(	396	,	trim("	Sardarshahar	")	,	22	);
INSERT INTO CITY VALUES 	(	397	,	trim("	Mahuva	")	,	7	);
INSERT INTO CITY VALUES 	(	398	,	trim("	Bargarh	")	,	19	);
INSERT INTO CITY VALUES 	(	399	,	trim("	Kamareddy	")	,	24	);
INSERT INTO CITY VALUES 	(	400	,	trim("	Sahibganj	")	,	11	);
INSERT INTO CITY VALUES 	(	401	,	trim("	Kothagudem	")	,	24	);
INSERT INTO CITY VALUES 	(	402	,	trim("	Ramanagaram	")	,	12	);
INSERT INTO CITY VALUES 	(	403	,	trim("	Gokak	")	,	12	);
INSERT INTO CITY VALUES 	(	404	,	trim("	Tikamgarh	")	,	14	);
INSERT INTO CITY VALUES 	(	405	,	trim("	Araria	")	,	4	);
INSERT INTO CITY VALUES 	(	406	,	trim("	Rishikesh	")	,	36	);
INSERT INTO CITY VALUES 	(	407	,	trim("	Shahdol	")	,	14	);
INSERT INTO CITY VALUES 	(	408	,	trim("	Medininagar (Daltonganj)	")	,	11	);
INSERT INTO CITY VALUES 	(	409	,	trim("	Arakkonam	")	,	24	);
INSERT INTO CITY VALUES 	(	410	,	trim("	Washim	")	,	15	);
INSERT INTO CITY VALUES 	(	411	,	trim("	Sangrur	")	,	21	);
INSERT INTO CITY VALUES 	(	412	,	trim("	Bodhan	")	,	24	);
INSERT INTO CITY VALUES 	(	413	,	trim("	Fazilka	")	,	21	);
INSERT INTO CITY VALUES 	(	414	,	trim("	Palacole	")	,	1	);
INSERT INTO CITY VALUES 	(	415	,	trim("	Keshod	")	,	7	);
INSERT INTO CITY VALUES 	(	416	,	trim("	Sullurpeta	")	,	1	);
INSERT INTO CITY VALUES 	(	417	,	trim("	Wadhwan	")	,	7	);
INSERT INTO CITY VALUES 	(	418	,	trim("	Gurdaspur	")	,	21	);
INSERT INTO CITY VALUES 	(	419	,	trim("	Vatakara	")	,	13	);
INSERT INTO CITY VALUES 	(	420	,	trim("	Tura	")	,	17	);
INSERT INTO CITY VALUES 	(	421	,	trim("	Narnaul	")	,	8	);
INSERT INTO CITY VALUES 	(	422	,	trim("	Kharar	")	,	21	);
INSERT INTO CITY VALUES 	(	423	,	trim("	Yadgir	")	,	12	);
INSERT INTO CITY VALUES 	(	424	,	trim("	Ambejogai	")	,	15	);
INSERT INTO CITY VALUES 	(	425	,	trim("	Ankleshwar	")	,	7	);
INSERT INTO CITY VALUES 	(	426	,	trim("	Savarkundla	")	,	7	);
INSERT INTO CITY VALUES 	(	427	,	trim("	Paradip	")	,	19	);
INSERT INTO CITY VALUES 	(	428	,	trim("	Virudhachalam	")	,	24	);
INSERT INTO CITY VALUES 	(	429	,	trim("	Kanhangad	")	,	13	);
INSERT INTO CITY VALUES 	(	430	,	trim("	Kadi	")	,	7	);
INSERT INTO CITY VALUES 	(	431	,	trim("	Srivilliputhur	")	,	24	);
INSERT INTO CITY VALUES 	(	432	,	trim("	Gobindgarh	")	,	21	);
INSERT INTO CITY VALUES 	(	433	,	trim("	Tindivanam	")	,	24	);
INSERT INTO CITY VALUES 	(	434	,	trim("	Mansa	")	,	21	);
INSERT INTO CITY VALUES 	(	435	,	trim("	Taliparamba	")	,	13	);
INSERT INTO CITY VALUES 	(	436	,	trim("	Manmad	")	,	15	);
INSERT INTO CITY VALUES 	(	437	,	trim("	Tanuku	")	,	1	);
INSERT INTO CITY VALUES 	(	438	,	trim("	Rayachoti	")	,	1	);
INSERT INTO CITY VALUES 	(	439	,	trim("	Virudhunagar	")	,	24	);
INSERT INTO CITY VALUES 	(	440	,	trim("	Koyilandy	")	,	13	);
INSERT INTO CITY VALUES 	(	441	,	trim("	Jorhat	")	,	3	);
INSERT INTO CITY VALUES 	(	442	,	trim("	Karur	")	,	24	);
INSERT INTO CITY VALUES 	(	443	,	trim("	Valparai	")	,	24	);
INSERT INTO CITY VALUES 	(	444	,	trim("	Srikalahasti	")	,	1	);
INSERT INTO CITY VALUES 	(	445	,	trim("	Neyyattinkara	")	,	13	);
INSERT INTO CITY VALUES 	(	446	,	trim("	Bapatla	")	,	1	);
INSERT INTO CITY VALUES 	(	447	,	trim("	Fatehabad	")	,	8	);
INSERT INTO CITY VALUES 	(	448	,	trim("	Malout	")	,	21	);
INSERT INTO CITY VALUES 	(	449	,	trim("	Sankarankovil	")	,	24	);
INSERT INTO CITY VALUES 	(	450	,	trim("	Tenkasi	")	,	24	);
INSERT INTO CITY VALUES 	(	451	,	trim("	Ratnagiri	")	,	15	);
INSERT INTO CITY VALUES 	(	452	,	trim("	Rabkavi Banhatti	")	,	12	);
INSERT INTO CITY VALUES 	(	453	,	trim("	Sikandrabad	")	,	27	);
INSERT INTO CITY VALUES 	(	454	,	trim("	Chaibasa	")	,	11	);
INSERT INTO CITY VALUES 	(	455	,	trim("	Chirmiri	")	,	5	);
INSERT INTO CITY VALUES 	(	456	,	trim("	Palwancha	")	,	24	);
INSERT INTO CITY VALUES 	(	457	,	trim("	Bhawanipatna	")	,	19	);
INSERT INTO CITY VALUES 	(	458	,	trim("	Kayamkulam	")	,	13	);
INSERT INTO CITY VALUES 	(	459	,	trim("	Pithampur	")	,	14	);
INSERT INTO CITY VALUES 	(	460	,	trim("	Nabha	")	,	21	);
INSERT INTO CITY VALUES 	(	461	,	trim("	Shahabad, Hardoi	")	,	27	);
INSERT INTO CITY VALUES 	(	462	,	trim("	Dhenkanal	")	,	19	);
INSERT INTO CITY VALUES 	(	463	,	trim("	Uran Islampur	")	,	15	);
INSERT INTO CITY VALUES 	(	464	,	trim("	Gopalganj	")	,	4	);
INSERT INTO CITY VALUES 	(	465	,	trim("	Bongaigaon City	")	,	3	);
INSERT INTO CITY VALUES 	(	466	,	trim("	Palani	")	,	24	);
INSERT INTO CITY VALUES 	(	467	,	trim("	Pusad	")	,	15	);
INSERT INTO CITY VALUES 	(	468	,	trim("	Sopore	")	,	10	);
INSERT INTO CITY VALUES 	(	469	,	trim("	Pilkhuwa	")	,	27	);
INSERT INTO CITY VALUES 	(	470	,	trim("	Tarn Taran	")	,	21	);
INSERT INTO CITY VALUES 	(	471	,	trim("	Renukoot	")	,	27	);
INSERT INTO CITY VALUES 	(	472	,	trim("	Mandamarri	")	,	24	);
INSERT INTO CITY VALUES 	(	473	,	trim("	Shahabad	")	,	12	);
INSERT INTO CITY VALUES 	(	474	,	trim("	Barbil	")	,	19	);
INSERT INTO CITY VALUES 	(	475	,	trim("	Koratla	")	,	24	);
INSERT INTO CITY VALUES 	(	476	,	trim("	Madhubani	")	,	4	);
INSERT INTO CITY VALUES 	(	477	,	trim("	Arambagh	")	,	36	);
INSERT INTO CITY VALUES 	(	478	,	trim("	Gohana	")	,	8	);
INSERT INTO CITY VALUES 	(	479	,	trim("	Ladnu	")	,	22	);
INSERT INTO CITY VALUES 	(	480	,	trim("	Pattukkottai	")	,	24	);
INSERT INTO CITY VALUES 	(	481	,	trim("	Sirsi	")	,	12	);
INSERT INTO CITY VALUES 	(	482	,	trim("	Sircilla	")	,	24	);
INSERT INTO CITY VALUES 	(	483	,	trim("	Tamluk	")	,	36	);
INSERT INTO CITY VALUES 	(	484	,	trim("	Jagraon	")	,	21	);
INSERT INTO CITY VALUES 	(	485	,	trim("	AlipurdUrban Agglomerationr	")	,	36	);
INSERT INTO CITY VALUES 	(	486	,	trim("	Alirajpur	")	,	14	);
INSERT INTO CITY VALUES 	(	487	,	trim("	Tandur	")	,	24	);
INSERT INTO CITY VALUES 	(	488	,	trim("	Naidupet	")	,	1	);
INSERT INTO CITY VALUES 	(	489	,	trim("	Tirupathur	")	,	24	);
INSERT INTO CITY VALUES 	(	490	,	trim("	Tohana	")	,	8	);
INSERT INTO CITY VALUES 	(	491	,	trim("	Ratangarh	")	,	22	);
INSERT INTO CITY VALUES 	(	492	,	trim("	Dhubri	")	,	3	);
INSERT INTO CITY VALUES 	(	493	,	trim("	Masaurhi	")	,	4	);
INSERT INTO CITY VALUES 	(	494	,	trim("	Visnagar	")	,	7	);
INSERT INTO CITY VALUES 	(	495	,	trim("	Vrindavan	")	,	27	);
INSERT INTO CITY VALUES 	(	496	,	trim("	Nokha	")	,	22	);
INSERT INTO CITY VALUES 	(	497	,	trim("	Nagari	")	,	1	);
INSERT INTO CITY VALUES 	(	498	,	trim("	Narwana	")	,	8	);
INSERT INTO CITY VALUES 	(	499	,	trim("	Ramanathapuram	")	,	24	);
INSERT INTO CITY VALUES 	(	500	,	trim("	Ujhani	")	,	27	);
INSERT INTO CITY VALUES 	(	501	,	trim("	Samastipur	")	,	4	);
INSERT INTO CITY VALUES 	(	502	,	trim("	Laharpur	")	,	27	);
INSERT INTO CITY VALUES 	(	503	,	trim("	Sangamner	")	,	15	);
INSERT INTO CITY VALUES 	(	504	,	trim("	Nimbahera	")	,	22	);
INSERT INTO CITY VALUES 	(	505	,	trim("	Siddipet	")	,	24	);
INSERT INTO CITY VALUES 	(	506	,	trim("	Suri	")	,	36	);
INSERT INTO CITY VALUES 	(	507	,	trim("	Diphu	")	,	3	);
INSERT INTO CITY VALUES 	(	508	,	trim("	Jhargram	")	,	36	);
INSERT INTO CITY VALUES 	(	509	,	trim("	Shirpur-Warwade	")	,	15	);
INSERT INTO CITY VALUES 	(	510	,	trim("	Tilhar	")	,	27	);
INSERT INTO CITY VALUES 	(	511	,	trim("	Sindhnur	")	,	12	);
INSERT INTO CITY VALUES 	(	512	,	trim("	Udumalaipettai	")	,	24	);
INSERT INTO CITY VALUES 	(	513	,	trim("	Malkapur	")	,	15	);
INSERT INTO CITY VALUES 	(	514	,	trim("	Wanaparthy	")	,	24	);
INSERT INTO CITY VALUES 	(	515	,	trim("	Gudur	")	,	1	);
INSERT INTO CITY VALUES 	(	516	,	trim("	Kendujhar	")	,	19	);
INSERT INTO CITY VALUES 	(	517	,	trim("	Mandla	")	,	14	);
INSERT INTO CITY VALUES 	(	518	,	trim("	Mandi	")	,	9	);
INSERT INTO CITY VALUES 	(	519	,	trim("	Nedumangad	")	,	13	);
INSERT INTO CITY VALUES 	(	520	,	trim("	North Lakhimpur	")	,	3	);
INSERT INTO CITY VALUES 	(	521	,	trim("	Vinukonda	")	,	1	);
INSERT INTO CITY VALUES 	(	522	,	trim("	Tiptur	")	,	12	);
INSERT INTO CITY VALUES 	(	523	,	trim("	Gobichettipalayam	")	,	24	);
INSERT INTO CITY VALUES 	(	524	,	trim("	Sunabeda	")	,	19	);
INSERT INTO CITY VALUES 	(	525	,	trim("	Wani	")	,	15	);
INSERT INTO CITY VALUES 	(	526	,	trim("	Upleta	")	,	7	);
INSERT INTO CITY VALUES 	(	527	,	trim("	Narasapuram	")	,	1	);
INSERT INTO CITY VALUES 	(	528	,	trim("	Nuzvid	")	,	1	);
INSERT INTO CITY VALUES 	(	529	,	trim("	Tezpur	")	,	3	);
INSERT INTO CITY VALUES 	(	530	,	trim("	Una	")	,	7	);
INSERT INTO CITY VALUES 	(	531	,	trim("	Markapur	")	,	1	);
INSERT INTO CITY VALUES 	(	532	,	trim("	Sheopur	")	,	14	);
INSERT INTO CITY VALUES 	(	533	,	trim("	Thiruvarur	")	,	24	);
INSERT INTO CITY VALUES 	(	534	,	trim("	Sidhpur	")	,	7	);
INSERT INTO CITY VALUES 	(	535	,	trim("	Sahaswan	")	,	27	);
INSERT INTO CITY VALUES 	(	536	,	trim("	Suratgarh	")	,	22	);
INSERT INTO CITY VALUES 	(	537	,	trim("	Shajapur	")	,	14	);
INSERT INTO CITY VALUES 	(	538	,	trim("	Rayagada	")	,	19	);
INSERT INTO CITY VALUES 	(	539	,	trim("	Lonavla	")	,	15	);
INSERT INTO CITY VALUES 	(	540	,	trim("	Ponnur	")	,	1	);
INSERT INTO CITY VALUES 	(	541	,	trim("	Kagaznagar	")	,	24	);
INSERT INTO CITY VALUES 	(	542	,	trim("	Gadwal	")	,	24	);
INSERT INTO CITY VALUES 	(	543	,	trim("	Bhatapara	")	,	5	);
INSERT INTO CITY VALUES 	(	544	,	trim("	Kandukur	")	,	1	);
INSERT INTO CITY VALUES 	(	545	,	trim("	Sangareddy	")	,	24	);
INSERT INTO CITY VALUES 	(	546	,	trim("	Unjha	")	,	7	);
INSERT INTO CITY VALUES 	(	547	,	trim("	Lunglei	")	,	18	);
INSERT INTO CITY VALUES 	(	548	,	trim("	Karimganj	")	,	3	);
INSERT INTO CITY VALUES 	(	549	,	trim("	Kannur	")	,	13	);
INSERT INTO CITY VALUES 	(	550	,	trim("	Bobbili	")	,	1	);
INSERT INTO CITY VALUES 	(	551	,	trim("	Mokameh	")	,	4	);
INSERT INTO CITY VALUES 	(	552	,	trim("	Talegaon Dabhade	")	,	15	);
INSERT INTO CITY VALUES 	(	553	,	trim("	Anjangaon	")	,	15	);
INSERT INTO CITY VALUES 	(	554	,	trim("	Mangrol	")	,	7	);
INSERT INTO CITY VALUES 	(	555	,	trim("	Sunam	")	,	21	);
INSERT INTO CITY VALUES 	(	556	,	trim("	Gangarampur	")	,	36	);
INSERT INTO CITY VALUES 	(	557	,	trim("	Thiruvallur	")	,	24	);
INSERT INTO CITY VALUES 	(	558	,	trim("	Tirur	")	,	13	);
INSERT INTO CITY VALUES 	(	559	,	trim("	Rath	")	,	27	);
INSERT INTO CITY VALUES 	(	560	,	trim("	Jatani	")	,	19	);
INSERT INTO CITY VALUES 	(	561	,	trim("	Viramgam	")	,	7	);
INSERT INTO CITY VALUES 	(	562	,	trim("	Rajsamand	")	,	22	);
INSERT INTO CITY VALUES 	(	563	,	trim("	Yanam	")	,	20	);
INSERT INTO CITY VALUES 	(	564	,	trim("	Kottayam	")	,	13	);
INSERT INTO CITY VALUES 	(	565	,	trim("	Panruti	")	,	24	);
INSERT INTO CITY VALUES 	(	566	,	trim("	Dhuri	")	,	21	);
INSERT INTO CITY VALUES 	(	567	,	trim("	Namakkal	")	,	24	);
INSERT INTO CITY VALUES 	(	568	,	trim("	Kasaragod	")	,	13	);
INSERT INTO CITY VALUES 	(	569	,	trim("	Modasa	")	,	7	);
INSERT INTO CITY VALUES 	(	570	,	trim("	Rayadurg	")	,	1	);
INSERT INTO CITY VALUES 	(	571	,	trim("	Supaul	")	,	4	);
INSERT INTO CITY VALUES 	(	572	,	trim("	Kunnamkulam	")	,	13	);
INSERT INTO CITY VALUES 	(	573	,	trim("	Umred	")	,	15	);
INSERT INTO CITY VALUES 	(	574	,	trim("	Bellampalle	")	,	24	);
INSERT INTO CITY VALUES 	(	575	,	trim("	Sibsagar	")	,	3	);
INSERT INTO CITY VALUES 	(	576	,	trim("	Mandi Dabwali	")	,	8	);
INSERT INTO CITY VALUES 	(	577	,	trim("	Ottappalam	")	,	13	);
INSERT INTO CITY VALUES 	(	578	,	trim("	Dumraon	")	,	4	);
INSERT INTO CITY VALUES 	(	579	,	trim("	Samalkot	")	,	1	);
INSERT INTO CITY VALUES 	(	580	,	trim("	Jaggaiahpet	")	,	1	);
INSERT INTO CITY VALUES 	(	581	,	trim("	Goalpara	")	,	3	);
INSERT INTO CITY VALUES 	(	582	,	trim("	Tuni	")	,	1	);
INSERT INTO CITY VALUES 	(	583	,	trim("	Lachhmangarh	")	,	22	);
INSERT INTO CITY VALUES 	(	584	,	trim("	Bhongir	")	,	24	);
INSERT INTO CITY VALUES 	(	585	,	trim("	Amalapuram	")	,	1	);
INSERT INTO CITY VALUES 	(	586	,	trim("	Firozpur Cantt.	")	,	21	);
INSERT INTO CITY VALUES 	(	587	,	trim("	Vikarabad	")	,	24	);
INSERT INTO CITY VALUES 	(	588	,	trim("	Thiruvalla	")	,	13	);
INSERT INTO CITY VALUES 	(	589	,	trim("	Sherkot	")	,	27	);
INSERT INTO CITY VALUES 	(	590	,	trim("	Palghar	")	,	15	);
INSERT INTO CITY VALUES 	(	591	,	trim("	Shegaon	")	,	15	);
INSERT INTO CITY VALUES 	(	592	,	trim("	Jangaon	")	,	24	);
INSERT INTO CITY VALUES 	(	593	,	trim("	Bheemunipatnam	")	,	1	);
INSERT INTO CITY VALUES 	(	594	,	trim("	Panna	")	,	14	);
INSERT INTO CITY VALUES 	(	595	,	trim("	Thodupuzha	")	,	13	);
INSERT INTO CITY VALUES 	(	596	,	trim("	KathUrban Agglomeration	")	,	10	);
INSERT INTO CITY VALUES 	(	597	,	trim("	Palitana	")	,	7	);
INSERT INTO CITY VALUES 	(	598	,	trim("	Arwal	")	,	4	);
INSERT INTO CITY VALUES 	(	599	,	trim("	Venkatagiri	")	,	1	);
INSERT INTO CITY VALUES 	(	600	,	trim("	Kalpi	")	,	27	);
INSERT INTO CITY VALUES 	(	601	,	trim("	Rajgarh (Churu)	")	,	22	);
INSERT INTO CITY VALUES 	(	602	,	trim("	Sattenapalle	")	,	1	);
INSERT INTO CITY VALUES 	(	603	,	trim("	Arsikere	")	,	12	);
INSERT INTO CITY VALUES 	(	604	,	trim("	Ozar	")	,	15	);
INSERT INTO CITY VALUES 	(	605	,	trim("	Thirumangalam	")	,	24	);
INSERT INTO CITY VALUES 	(	606	,	trim("	Petlad	")	,	7	);
INSERT INTO CITY VALUES 	(	607	,	trim("	Nasirabad	")	,	22	);
INSERT INTO CITY VALUES 	(	608	,	trim("	Phaltan	")	,	15	);
INSERT INTO CITY VALUES 	(	609	,	trim("	Rampurhat	")	,	36	);
INSERT INTO CITY VALUES 	(	610	,	trim("	Nanjangud	")	,	12	);
INSERT INTO CITY VALUES 	(	611	,	trim("	Forbesganj	")	,	4	);
INSERT INTO CITY VALUES 	(	612	,	trim("	Tundla	")	,	27	);
INSERT INTO CITY VALUES 	(	613	,	trim("	BhabUrban Agglomeration	")	,	4	);
INSERT INTO CITY VALUES 	(	614	,	trim("	Sagara	")	,	12	);
INSERT INTO CITY VALUES 	(	615	,	trim("	Pithapuram	")	,	1	);
INSERT INTO CITY VALUES 	(	616	,	trim("	Sira	")	,	12	);
INSERT INTO CITY VALUES 	(	617	,	trim("	Bhadrachalam	")	,	24	);
INSERT INTO CITY VALUES 	(	618	,	trim("	Charkhi Dadri	")	,	8	);
INSERT INTO CITY VALUES 	(	619	,	trim("	Chatra	")	,	11	);
INSERT INTO CITY VALUES 	(	620	,	trim("	Palasa Kasibugga	")	,	1	);
INSERT INTO CITY VALUES 	(	621	,	trim("	Nohar	")	,	22	);
INSERT INTO CITY VALUES 	(	622	,	trim("	Yevla	")	,	15	);
INSERT INTO CITY VALUES 	(	623	,	trim("	Sirhind Fatehgarh Sahib	")	,	21	);
INSERT INTO CITY VALUES 	(	624	,	trim("	Bhainsa	")	,	24	);
INSERT INTO CITY VALUES 	(	625	,	trim("	Parvathipuram	")	,	1	);
INSERT INTO CITY VALUES 	(	626	,	trim("	Shahade	")	,	15	);
INSERT INTO CITY VALUES 	(	627	,	trim("	Chalakudy	")	,	13	);
INSERT INTO CITY VALUES 	(	628	,	trim("	Narkatiaganj	")	,	4	);
INSERT INTO CITY VALUES 	(	629	,	trim("	Kapadvanj	")	,	7	);
INSERT INTO CITY VALUES 	(	630	,	trim("	Macherla	")	,	1	);
INSERT INTO CITY VALUES 	(	631	,	trim("	Raghogarh-Vijaypur	")	,	14	);
INSERT INTO CITY VALUES 	(	632	,	trim("	Rupnagar	")	,	21	);
INSERT INTO CITY VALUES 	(	633	,	trim("	Naugachhia	")	,	4	);
INSERT INTO CITY VALUES 	(	634	,	trim("	Sendhwa	")	,	14	);
INSERT INTO CITY VALUES 	(	635	,	trim("	Byasanagar	")	,	19	);
INSERT INTO CITY VALUES 	(	636	,	trim("	Sandila	")	,	27	);
INSERT INTO CITY VALUES 	(	637	,	trim("	Gooty	")	,	1	);
INSERT INTO CITY VALUES 	(	638	,	trim("	Salur	")	,	1	);
INSERT INTO CITY VALUES 	(	639	,	trim("	Nanpara	")	,	27	);
INSERT INTO CITY VALUES 	(	640	,	trim("	Sardhana	")	,	27	);
INSERT INTO CITY VALUES 	(	641	,	trim("	Vita	")	,	15	);
INSERT INTO CITY VALUES 	(	642	,	trim("	Gumia	")	,	11	);
INSERT INTO CITY VALUES 	(	643	,	trim("	Puttur	")	,	12	);
INSERT INTO CITY VALUES 	(	644	,	trim("	Jalandhar Cantt.	")	,	21	);
INSERT INTO CITY VALUES 	(	645	,	trim("	Nehtaur	")	,	27	);
INSERT INTO CITY VALUES 	(	646	,	trim("	Changanassery	")	,	13	);
INSERT INTO CITY VALUES 	(	647	,	trim("	Mandapeta	")	,	1	);
INSERT INTO CITY VALUES 	(	648	,	trim("	Dumka	")	,	11	);
INSERT INTO CITY VALUES 	(	649	,	trim("	Seohara	")	,	27	);
INSERT INTO CITY VALUES 	(	650	,	trim("	Umarkhed	")	,	15	);
INSERT INTO CITY VALUES 	(	651	,	trim("	Madhupur	")	,	11	);
INSERT INTO CITY VALUES 	(	652	,	trim("	Vikramasingapuram	")	,	24	);
INSERT INTO CITY VALUES 	(	653	,	trim("	Punalur	")	,	13	);
INSERT INTO CITY VALUES 	(	654	,	trim("	Kendrapara	")	,	19	);
INSERT INTO CITY VALUES 	(	655	,	trim("	Sihor	")	,	7	);
INSERT INTO CITY VALUES 	(	656	,	trim("	Nellikuppam	")	,	24	);
INSERT INTO CITY VALUES 	(	657	,	trim("	Samana	")	,	21	);
INSERT INTO CITY VALUES 	(	658	,	trim("	Warora	")	,	15	);
INSERT INTO CITY VALUES 	(	659	,	trim("	Nilambur	")	,	13	);
INSERT INTO CITY VALUES 	(	660	,	trim("	Rasipuram	")	,	24	);
INSERT INTO CITY VALUES 	(	661	,	trim("	Ramnagar	")	,	36	);
INSERT INTO CITY VALUES 	(	662	,	trim("	Jammalamadugu	")	,	1	);
INSERT INTO CITY VALUES 	(	663	,	trim("	Nawanshahr	")	,	21	);
INSERT INTO CITY VALUES 	(	664	,	trim("	Thoubal	")	,	16	);
INSERT INTO CITY VALUES 	(	665	,	trim("	Athni	")	,	12	);
INSERT INTO CITY VALUES 	(	666	,	trim("	Cherthala	")	,	13	);
INSERT INTO CITY VALUES 	(	667	,	trim("	Sidhi	")	,	14	);
INSERT INTO CITY VALUES 	(	668	,	trim("	Farooqnagar	")	,	24	);
INSERT INTO CITY VALUES 	(	669	,	trim("	Peddapuram	")	,	1	);
INSERT INTO CITY VALUES 	(	670	,	trim("	Chirkunda	")	,	11	);
INSERT INTO CITY VALUES 	(	671	,	trim("	Pachora	")	,	15	);
INSERT INTO CITY VALUES 	(	672	,	trim("	Madhepura	")	,	4	);
INSERT INTO CITY VALUES 	(	673	,	trim("	Pithoragarh	")	,	36	);
INSERT INTO CITY VALUES 	(	674	,	trim("	Tumsar	")	,	15	);
INSERT INTO CITY VALUES 	(	675	,	trim("	Phalodi	")	,	22	);
INSERT INTO CITY VALUES 	(	676	,	trim("	Tiruttani	")	,	24	);
INSERT INTO CITY VALUES 	(	677	,	trim("	Rampura Phul	")	,	21	);
INSERT INTO CITY VALUES 	(	678	,	trim("	Perinthalmanna	")	,	13	);
INSERT INTO CITY VALUES 	(	679	,	trim("	Padrauna	")	,	27	);
INSERT INTO CITY VALUES 	(	680	,	trim("	Pipariya	")	,	14	);
INSERT INTO CITY VALUES 	(	681	,	trim("	Dalli-Rajhara	")	,	5	);
INSERT INTO CITY VALUES 	(	682	,	trim("	Punganur	")	,	1	);
INSERT INTO CITY VALUES 	(	683	,	trim("	Mattannur	")	,	13	);
INSERT INTO CITY VALUES 	(	684	,	trim("	Mathura	")	,	27	);
INSERT INTO CITY VALUES 	(	685	,	trim("	Thakurdwara	")	,	27	);
INSERT INTO CITY VALUES 	(	686	,	trim("	Nandivaram-Guduvancheri	")	,	24	);
INSERT INTO CITY VALUES 	(	687	,	trim("	Mulbagal	")	,	12	);
INSERT INTO CITY VALUES 	(	688	,	trim("	Manjlegaon	")	,	15	);
INSERT INTO CITY VALUES 	(	689	,	trim("	Wankaner	")	,	7	);
INSERT INTO CITY VALUES 	(	690	,	trim("	Sillod	")	,	15	);
INSERT INTO CITY VALUES 	(	691	,	trim("	Nidadavole	")	,	1	);
INSERT INTO CITY VALUES 	(	692	,	trim("	Surapura	")	,	12	);
INSERT INTO CITY VALUES 	(	693	,	trim("	Rajagangapur	")	,	19	);
INSERT INTO CITY VALUES 	(	694	,	trim("	Sheikhpura	")	,	4	);
INSERT INTO CITY VALUES 	(	695	,	trim("	Parlakhemundi	")	,	19	);
INSERT INTO CITY VALUES 	(	696	,	trim("	Kalimpong	")	,	36	);
INSERT INTO CITY VALUES 	(	697	,	trim("	Siruguppa	")	,	12	);
INSERT INTO CITY VALUES 	(	698	,	trim("	Arvi	")	,	15	);
INSERT INTO CITY VALUES 	(	699	,	trim("	Limbdi	")	,	7	);
INSERT INTO CITY VALUES 	(	700	,	trim("	Barpeta	")	,	3	);
INSERT INTO CITY VALUES 	(	701	,	trim("	Manglaur	")	,	36	);
INSERT INTO CITY VALUES 	(	702	,	trim("	Repalle	")	,	1	);
INSERT INTO CITY VALUES 	(	703	,	trim("	Mudhol	")	,	12	);
INSERT INTO CITY VALUES 	(	704	,	trim("	Shujalpur	")	,	14	);
INSERT INTO CITY VALUES 	(	705	,	trim("	Mandvi	")	,	7	);
INSERT INTO CITY VALUES 	(	706	,	trim("	Thangadh	")	,	7	);
INSERT INTO CITY VALUES 	(	707	,	trim("	Sironj	")	,	14	);
INSERT INTO CITY VALUES 	(	708	,	trim("	Nandura	")	,	15	);
INSERT INTO CITY VALUES 	(	709	,	trim("	Shoranur	")	,	13	);
INSERT INTO CITY VALUES 	(	710	,	trim("	Nathdwara	")	,	22	);
INSERT INTO CITY VALUES 	(	711	,	trim("	Periyakulam	")	,	24	);
INSERT INTO CITY VALUES 	(	712	,	trim("	Sultanganj	")	,	4	);
INSERT INTO CITY VALUES 	(	713	,	trim("	Medak	")	,	24	);
INSERT INTO CITY VALUES 	(	714	,	trim("	Narayanpet	")	,	24	);
INSERT INTO CITY VALUES 	(	715	,	trim("	Raxaul Bazar	")	,	4	);
INSERT INTO CITY VALUES 	(	716	,	trim("	Rajauri	")	,	10	);
INSERT INTO CITY VALUES 	(	717	,	trim("	Pernampattu	")	,	24	);
INSERT INTO CITY VALUES 	(	718	,	trim("	Nainital	")	,	36	);
INSERT INTO CITY VALUES 	(	719	,	trim("	Ramachandrapuram	")	,	1	);
INSERT INTO CITY VALUES 	(	720	,	trim("	Vaijapur	")	,	15	);
INSERT INTO CITY VALUES 	(	721	,	trim("	Nangal	")	,	21	);
INSERT INTO CITY VALUES 	(	722	,	trim("	Sidlaghatta	")	,	12	);
INSERT INTO CITY VALUES 	(	723	,	trim("	Punch	")	,	10	);
INSERT INTO CITY VALUES 	(	724	,	trim("	Pandhurna	")	,	14	);
INSERT INTO CITY VALUES 	(	725	,	trim("	Wadgaon Road	")	,	15	);
INSERT INTO CITY VALUES 	(	726	,	trim("	Talcher	")	,	19	);
INSERT INTO CITY VALUES 	(	727	,	trim("	Varkala	")	,	13	);
INSERT INTO CITY VALUES 	(	728	,	trim("	Pilani	")	,	22	);
INSERT INTO CITY VALUES 	(	729	,	trim("	Nowgong	")	,	14	);
INSERT INTO CITY VALUES 	(	730	,	trim("	Naila Janjgir	")	,	5	);
INSERT INTO CITY VALUES 	(	731	,	trim("	Mapusa	")	,	6	);
INSERT INTO CITY VALUES 	(	732	,	trim("	Vellakoil	")	,	24	);
INSERT INTO CITY VALUES 	(	733	,	trim("	Merta City	")	,	22	);
INSERT INTO CITY VALUES 	(	734	,	trim("	Sivaganga	")	,	24	);
INSERT INTO CITY VALUES 	(	735	,	trim("	Mandideep	")	,	14	);
INSERT INTO CITY VALUES 	(	736	,	trim("	Sailu	")	,	15	);
INSERT INTO CITY VALUES 	(	737	,	trim("	Vyara	")	,	7	);
INSERT INTO CITY VALUES 	(	738	,	trim("	Kovvur	")	,	1	);
INSERT INTO CITY VALUES 	(	739	,	trim("	Vadalur	")	,	24	);
INSERT INTO CITY VALUES 	(	740	,	trim("	Nawabganj	")	,	27	);
INSERT INTO CITY VALUES 	(	741	,	trim("	Padra	")	,	7	);
INSERT INTO CITY VALUES 	(	742	,	trim("	Sainthia	")	,	36	);
INSERT INTO CITY VALUES 	(	743	,	trim("	Siana	")	,	27	);
INSERT INTO CITY VALUES 	(	744	,	trim("	Shahpur	")	,	12	);
INSERT INTO CITY VALUES 	(	745	,	trim("	Sojat	")	,	22	);
INSERT INTO CITY VALUES 	(	746	,	trim("	Noorpur	")	,	27	);
INSERT INTO CITY VALUES 	(	747	,	trim("	Paravoor	")	,	13	);
INSERT INTO CITY VALUES 	(	748	,	trim("	Murtijapur	")	,	15	);
INSERT INTO CITY VALUES 	(	749	,	trim("	Ramnagar	")	,	4	);
INSERT INTO CITY VALUES 	(	750	,	trim("	Sundargarh	")	,	19	);
INSERT INTO CITY VALUES 	(	751	,	trim("	Taki	")	,	36	);
INSERT INTO CITY VALUES 	(	752	,	trim("	Saundatti-Yellamma	")	,	12	);
INSERT INTO CITY VALUES 	(	753	,	trim("	Pathanamthitta	")	,	13	);
INSERT INTO CITY VALUES 	(	754	,	trim("	Wadi	")	,	12	);
INSERT INTO CITY VALUES 	(	755	,	trim("	Rameshwaram	")	,	24	);
INSERT INTO CITY VALUES 	(	756	,	trim("	Tasgaon	")	,	15	);
INSERT INTO CITY VALUES 	(	757	,	trim("	Sikandra Rao	")	,	27	);
INSERT INTO CITY VALUES 	(	758	,	trim("	Sihora	")	,	14	);
INSERT INTO CITY VALUES 	(	759	,	trim("	Tiruvethipuram	")	,	24	);
INSERT INTO CITY VALUES 	(	760	,	trim("	Tiruvuru	")	,	1	);
INSERT INTO CITY VALUES 	(	761	,	trim("	Mehkar	")	,	15	);
INSERT INTO CITY VALUES 	(	762	,	trim("	Peringathur	")	,	13	);
INSERT INTO CITY VALUES 	(	763	,	trim("	Perambalur	")	,	24	);
INSERT INTO CITY VALUES 	(	764	,	trim("	Manvi	")	,	12	);
INSERT INTO CITY VALUES 	(	765	,	trim("	Zunheboto	")	,	19	);
INSERT INTO CITY VALUES 	(	766	,	trim("	Mahnar Bazar	")	,	4	);
INSERT INTO CITY VALUES 	(	767	,	trim("	Attingal	")	,	13	);
INSERT INTO CITY VALUES 	(	768	,	trim("	Shahbad	")	,	8	);
INSERT INTO CITY VALUES 	(	769	,	trim("	Puranpur	")	,	27	);
INSERT INTO CITY VALUES 	(	770	,	trim("	Nelamangala	")	,	12	);
INSERT INTO CITY VALUES 	(	771	,	trim("	Nakodar	")	,	21	);
INSERT INTO CITY VALUES 	(	772	,	trim("	Lunawada	")	,	7	);
INSERT INTO CITY VALUES 	(	773	,	trim("	Murshidabad	")	,	36	);
INSERT INTO CITY VALUES 	(	774	,	trim("	Mahe	")	,	20	);
INSERT INTO CITY VALUES 	(	775	,	trim("	Lanka	")	,	3	);
INSERT INTO CITY VALUES 	(	776	,	trim("	Rudauli	")	,	27	);
INSERT INTO CITY VALUES 	(	777	,	trim("	Tuensang	")	,	19	);
INSERT INTO CITY VALUES 	(	778	,	trim("	Lakshmeshwar	")	,	12	);
INSERT INTO CITY VALUES 	(	779	,	trim("	Zira	")	,	21	);
INSERT INTO CITY VALUES 	(	780	,	trim("	Yawal	")	,	15	);
INSERT INTO CITY VALUES 	(	781	,	trim("	Thana Bhawan	")	,	27	);
INSERT INTO CITY VALUES 	(	782	,	trim("	Ramdurg	")	,	12	);
INSERT INTO CITY VALUES 	(	783	,	trim("	Pulgaon	")	,	15	);
INSERT INTO CITY VALUES 	(	784	,	trim("	Sadasivpet	")	,	24	);
INSERT INTO CITY VALUES 	(	785	,	trim("	Nargund	")	,	12	);
INSERT INTO CITY VALUES 	(	786	,	trim("	Neem-Ka-Thana	")	,	22	);
INSERT INTO CITY VALUES 	(	787	,	trim("	Memari	")	,	36	);
INSERT INTO CITY VALUES 	(	788	,	trim("	Nilanga	")	,	15	);
INSERT INTO CITY VALUES 	(	789	,	trim("	Naharlagun	")	,	2	);
INSERT INTO CITY VALUES 	(	790	,	trim("	Pakaur	")	,	11	);
INSERT INTO CITY VALUES 	(	791	,	trim("	Wai	")	,	15	);
INSERT INTO CITY VALUES 	(	792	,	trim("	Tarikere	")	,	12	);
INSERT INTO CITY VALUES 	(	793	,	trim("	Malavalli	")	,	12	);
INSERT INTO CITY VALUES 	(	794	,	trim("	Raisen	")	,	14	);
INSERT INTO CITY VALUES 	(	795	,	trim("	Lahar	")	,	14	);
INSERT INTO CITY VALUES 	(	796	,	trim("	Uravakonda	")	,	1	);
INSERT INTO CITY VALUES 	(	797	,	trim("	Savanur	")	,	12	);
INSERT INTO CITY VALUES 	(	798	,	trim("	Sirohi	")	,	22	);
INSERT INTO CITY VALUES 	(	799	,	trim("	Udhampur	")	,	10	);
INSERT INTO CITY VALUES 	(	800	,	trim("	Umarga	")	,	15	);
INSERT INTO CITY VALUES 	(	801	,	trim("	Pratapgarh	")	,	22	);
INSERT INTO CITY VALUES 	(	802	,	trim("	Lingsugur	")	,	12	);
INSERT INTO CITY VALUES 	(	803	,	trim("	Usilampatti	")	,	24	);
INSERT INTO CITY VALUES 	(	804	,	trim("	Palia Kalan	")	,	27	);
INSERT INTO CITY VALUES 	(	805	,	trim("	Wokha	")	,	19	);
INSERT INTO CITY VALUES 	(	806	,	trim("	Rajpipla	")	,	7	);
INSERT INTO CITY VALUES 	(	807	,	trim("	Vijayapura	")	,	12	);
INSERT INTO CITY VALUES 	(	808	,	trim("	Rawatbhata	")	,	22	);
INSERT INTO CITY VALUES 	(	809	,	trim("	Sangaria	")	,	22	);
INSERT INTO CITY VALUES 	(	810	,	trim("	Paithan	")	,	15	);
INSERT INTO CITY VALUES 	(	811	,	trim("	Rahuri	")	,	15	);
INSERT INTO CITY VALUES 	(	812	,	trim("	Patti	")	,	21	);
INSERT INTO CITY VALUES 	(	813	,	trim("	Zaidpur	")	,	27	);
INSERT INTO CITY VALUES 	(	814	,	trim("	Lalsot	")	,	22	);
INSERT INTO CITY VALUES 	(	815	,	trim("	Maihar	")	,	14	);
INSERT INTO CITY VALUES 	(	816	,	trim("	Vedaranyam	")	,	24	);
INSERT INTO CITY VALUES 	(	817	,	trim("	Nawapur	")	,	15	);
INSERT INTO CITY VALUES 	(	818	,	trim("	Solan	")	,	9	);
INSERT INTO CITY VALUES 	(	819	,	trim("	Vapi	")	,	7	);
INSERT INTO CITY VALUES 	(	820	,	trim("	Sanawad	")	,	14	);
INSERT INTO CITY VALUES 	(	821	,	trim("	Warisaliganj	")	,	4	);
INSERT INTO CITY VALUES 	(	822	,	trim("	Revelganj	")	,	4	);
INSERT INTO CITY VALUES 	(	823	,	trim("	Sabalgarh	")	,	14	);
INSERT INTO CITY VALUES 	(	824	,	trim("	Tuljapur	")	,	15	);
INSERT INTO CITY VALUES 	(	825	,	trim("	Simdega	")	,	11	);
INSERT INTO CITY VALUES 	(	826	,	trim("	Musabani	")	,	11	);
INSERT INTO CITY VALUES 	(	827	,	trim("	Kodungallur	")	,	13	);
INSERT INTO CITY VALUES 	(	828	,	trim("	Phulabani	")	,	19	);
INSERT INTO CITY VALUES 	(	829	,	trim("	Umreth	")	,	7	);
INSERT INTO CITY VALUES 	(	830	,	trim("	Narsipatnam	")	,	1	);
INSERT INTO CITY VALUES 	(	831	,	trim("	Nautanwa	")	,	27	);
INSERT INTO CITY VALUES 	(	832	,	trim("	Rajgir	")	,	4	);
INSERT INTO CITY VALUES 	(	833	,	trim("	Yellandu	")	,	24	);
INSERT INTO CITY VALUES 	(	834	,	trim("	Sathyamangalam	")	,	24	);
INSERT INTO CITY VALUES 	(	835	,	trim("	Pilibanga	")	,	22	);
INSERT INTO CITY VALUES 	(	836	,	trim("	Morshi	")	,	15	);
INSERT INTO CITY VALUES 	(	837	,	trim("	Pehowa	")	,	8	);
INSERT INTO CITY VALUES 	(	838	,	trim("	Sonepur	")	,	4	);
INSERT INTO CITY VALUES 	(	839	,	trim("	Pappinisseri	")	,	13	);
INSERT INTO CITY VALUES 	(	840	,	trim("	Zamania	")	,	27	);
INSERT INTO CITY VALUES 	(	841	,	trim("	Mihijam	")	,	11	);
INSERT INTO CITY VALUES 	(	842	,	trim("	Purna	")	,	15	);
INSERT INTO CITY VALUES 	(	843	,	trim("	Puliyankudi	")	,	24	);
INSERT INTO CITY VALUES 	(	844	,	trim("	Shikarpur, Bulandshahr	")	,	27	);
INSERT INTO CITY VALUES 	(	845	,	trim("	Umaria	")	,	14	);
INSERT INTO CITY VALUES 	(	846	,	trim("	Porsa	")	,	14	);
INSERT INTO CITY VALUES 	(	847	,	trim("	Naugawan Sadat	")	,	27	);
INSERT INTO CITY VALUES 	(	848	,	trim("	Fatehpur Sikri	")	,	27	);
INSERT INTO CITY VALUES 	(	849	,	trim("	Manuguru	")	,	24	);
INSERT INTO CITY VALUES 	(	850	,	trim("	Udaipur	")	,	25	);
INSERT INTO CITY VALUES 	(	851	,	trim("	Pipar City	")	,	22	);
INSERT INTO CITY VALUES 	(	852	,	trim("	Pattamundai	")	,	19	);
INSERT INTO CITY VALUES 	(	853	,	trim("	Nanjikottai	")	,	24	);
INSERT INTO CITY VALUES 	(	854	,	trim("	Taranagar	")	,	22	);
INSERT INTO CITY VALUES 	(	855	,	trim("	Yerraguntla	")	,	1	);
INSERT INTO CITY VALUES 	(	856	,	trim("	Satana	")	,	15	);
INSERT INTO CITY VALUES 	(	857	,	trim("	Sherghati	")	,	4	);
INSERT INTO CITY VALUES 	(	858	,	trim("	Sankeshwara	")	,	12	);
INSERT INTO CITY VALUES 	(	859	,	trim("	Madikeri	")	,	12	);
INSERT INTO CITY VALUES 	(	860	,	trim("	Thuraiyur	")	,	24	);
INSERT INTO CITY VALUES 	(	861	,	trim("	Sanand	")	,	7	);
INSERT INTO CITY VALUES 	(	862	,	trim("	Rajula	")	,	7	);
INSERT INTO CITY VALUES 	(	863	,	trim("	Kyathampalle	")	,	24	);
INSERT INTO CITY VALUES 	(	864	,	trim("	Shahabad, Rampur	")	,	27	);
INSERT INTO CITY VALUES 	(	865	,	trim("	Tilda Newra	")	,	5	);
INSERT INTO CITY VALUES 	(	866	,	trim("	Narsinghgarh	")	,	14	);
INSERT INTO CITY VALUES 	(	867	,	trim("	Chittur-Thathamangalam	")	,	13	);
INSERT INTO CITY VALUES 	(	868	,	trim("	Malaj Khand	")	,	14	);
INSERT INTO CITY VALUES 	(	869	,	trim("	Sarangpur	")	,	14	);
INSERT INTO CITY VALUES 	(	870	,	trim("	Robertsganj	")	,	27	);
INSERT INTO CITY VALUES 	(	871	,	trim("	Sirkali	")	,	24	);
INSERT INTO CITY VALUES 	(	872	,	trim("	Radhanpur	")	,	7	);
INSERT INTO CITY VALUES 	(	873	,	trim("	Tiruchendur	")	,	24	);
INSERT INTO CITY VALUES 	(	874	,	trim("	Utraula	")	,	27	);
INSERT INTO CITY VALUES 	(	875	,	trim("	Patratu	")	,	11	);
INSERT INTO CITY VALUES 	(	876	,	trim("	Vijainagar, Ajmer	")	,	22	);
INSERT INTO CITY VALUES 	(	877	,	trim("	Periyasemur	")	,	24	);
INSERT INTO CITY VALUES 	(	878	,	trim("	Pathri	")	,	15	);
INSERT INTO CITY VALUES 	(	879	,	trim("	Sadabad	")	,	27	);
INSERT INTO CITY VALUES 	(	880	,	trim("	Talikota	")	,	12	);
INSERT INTO CITY VALUES 	(	881	,	trim("	Sinnar	")	,	15	);
INSERT INTO CITY VALUES 	(	882	,	trim("	Mungeli	")	,	5	);
INSERT INTO CITY VALUES 	(	883	,	trim("	Sedam	")	,	12	);
INSERT INTO CITY VALUES 	(	884	,	trim("	Shikaripur	")	,	12	);
INSERT INTO CITY VALUES 	(	885	,	trim("	Sumerpur	")	,	22	);
INSERT INTO CITY VALUES 	(	886	,	trim("	Sattur	")	,	24	);
INSERT INTO CITY VALUES 	(	887	,	trim("	Sugauli	")	,	4	);
INSERT INTO CITY VALUES 	(	888	,	trim("	Lumding	")	,	3	);
INSERT INTO CITY VALUES 	(	889	,	trim("	Vandavasi	")	,	24	);
INSERT INTO CITY VALUES 	(	890	,	trim("	Titlagarh	")	,	19	);
INSERT INTO CITY VALUES 	(	891	,	trim("	Uchgaon	")	,	15	);
INSERT INTO CITY VALUES 	(	892	,	trim("	Mokokchung	")	,	19	);
INSERT INTO CITY VALUES 	(	893	,	trim("	Paschim Punropara	")	,	36	);
INSERT INTO CITY VALUES 	(	894	,	trim("	Sagwara	")	,	22	);
INSERT INTO CITY VALUES 	(	895	,	trim("	Ramganj Mandi	")	,	22	);
INSERT INTO CITY VALUES 	(	896	,	trim("	Tarakeswar	")	,	36	);
INSERT INTO CITY VALUES 	(	897	,	trim("	Mahalingapura	")	,	12	);
INSERT INTO CITY VALUES 	(	898	,	trim("	Dharmanagar	")	,	25	);
INSERT INTO CITY VALUES 	(	899	,	trim("	Mahemdabad	")	,	7	);
INSERT INTO CITY VALUES 	(	900	,	trim("	Manendragarh	")	,	5	);
INSERT INTO CITY VALUES 	(	901	,	trim("	Uran	")	,	15	);
INSERT INTO CITY VALUES 	(	902	,	trim("	Tharamangalam	")	,	24	);
INSERT INTO CITY VALUES 	(	903	,	trim("	Tirukkoyilur	")	,	24	);
INSERT INTO CITY VALUES 	(	904	,	trim("	Pen	")	,	15	);
INSERT INTO CITY VALUES 	(	905	,	trim("	Makhdumpur	")	,	4	);
INSERT INTO CITY VALUES 	(	906	,	trim("	Maner	")	,	4	);
INSERT INTO CITY VALUES 	(	907	,	trim("	Oddanchatram	")	,	24	);
INSERT INTO CITY VALUES 	(	908	,	trim("	Palladam	")	,	24	);
INSERT INTO CITY VALUES 	(	909	,	trim("	Mundi	")	,	14	);
INSERT INTO CITY VALUES 	(	910	,	trim("	Nabarangapur	")	,	19	);
INSERT INTO CITY VALUES 	(	911	,	trim("	Mudalagi	")	,	12	);
INSERT INTO CITY VALUES 	(	912	,	trim("	Samalkha	")	,	8	);
INSERT INTO CITY VALUES 	(	913	,	trim("	Nepanagar	")	,	14	);
INSERT INTO CITY VALUES 	(	914	,	trim("	Karjat	")	,	15	);
INSERT INTO CITY VALUES 	(	915	,	trim("	Ranavav	")	,	7	);
INSERT INTO CITY VALUES 	(	916	,	trim("	Pedana	")	,	1	);
INSERT INTO CITY VALUES 	(	917	,	trim("	Pinjore	")	,	8	);
INSERT INTO CITY VALUES 	(	918	,	trim("	Lakheri	")	,	22	);
INSERT INTO CITY VALUES 	(	919	,	trim("	Pasan	")	,	14	);
INSERT INTO CITY VALUES 	(	920	,	trim("	Puttur	")	,	1	);
INSERT INTO CITY VALUES 	(	921	,	trim("	Vadakkuvalliyur	")	,	24	);
INSERT INTO CITY VALUES 	(	922	,	trim("	Tirukalukundram	")	,	24	);
INSERT INTO CITY VALUES 	(	923	,	trim("	Mahidpur	")	,	14	);
INSERT INTO CITY VALUES 	(	924	,	trim("	Mussoorie	")	,	36	);
INSERT INTO CITY VALUES 	(	925	,	trim("	Muvattupuzha	")	,	13	);
INSERT INTO CITY VALUES 	(	926	,	trim("	Rasra	")	,	27	);
INSERT INTO CITY VALUES 	(	927	,	trim("	Udaipurwati	")	,	22	);
INSERT INTO CITY VALUES 	(	928	,	trim("	Manwath	")	,	15	);
INSERT INTO CITY VALUES 	(	929	,	trim("	Adoor	")	,	13	);
INSERT INTO CITY VALUES 	(	930	,	trim("	Uthamapalayam	")	,	24	);
INSERT INTO CITY VALUES 	(	931	,	trim("	Partur	")	,	15	);
INSERT INTO CITY VALUES 	(	932	,	trim("	Nahan	")	,	9	);
INSERT INTO CITY VALUES 	(	933	,	trim("	Ladwa	")	,	8	);
INSERT INTO CITY VALUES 	(	934	,	trim("	Mankachar	")	,	3	);
INSERT INTO CITY VALUES 	(	935	,	trim("	Nongstoin	")	,	17	);
INSERT INTO CITY VALUES 	(	936	,	trim("	Losal	")	,	22	);
INSERT INTO CITY VALUES 	(	937	,	trim("	Sri Madhopur	")	,	22	);
INSERT INTO CITY VALUES 	(	938	,	trim("	Ramngarh	")	,	22	);
INSERT INTO CITY VALUES 	(	939	,	trim("	Mavelikkara	")	,	13	);
INSERT INTO CITY VALUES 	(	940	,	trim("	Rawatsar	")	,	22	);
INSERT INTO CITY VALUES 	(	941	,	trim("	Rajakhera	")	,	22	);
INSERT INTO CITY VALUES 	(	942	,	trim("	Lar	")	,	27	);
INSERT INTO CITY VALUES 	(	943	,	trim("	Lal Gopalganj Nindaura	")	,	27	);
INSERT INTO CITY VALUES 	(	944	,	trim("	Muddebihal	")	,	12	);
INSERT INTO CITY VALUES 	(	945	,	trim("	Sirsaganj	")	,	27	);
INSERT INTO CITY VALUES 	(	946	,	trim("	Shahpura	")	,	22	);
INSERT INTO CITY VALUES 	(	947	,	trim("	Surandai	")	,	24	);
INSERT INTO CITY VALUES 	(	948	,	trim("	Sangole	")	,	15	);
INSERT INTO CITY VALUES 	(	949	,	trim("	Pavagada	")	,	12	);
INSERT INTO CITY VALUES 	(	950	,	trim("	Tharad	")	,	7	);
INSERT INTO CITY VALUES 	(	951	,	trim("	Mansa	")	,	7	);
INSERT INTO CITY VALUES 	(	952	,	trim("	Umbergaon	")	,	7	);
INSERT INTO CITY VALUES 	(	953	,	trim("	Mavoor	")	,	13	);
INSERT INTO CITY VALUES 	(	954	,	trim("	Nalbari	")	,	3	);
INSERT INTO CITY VALUES 	(	955	,	trim("	Talaja	")	,	7	);
INSERT INTO CITY VALUES 	(	956	,	trim("	Malur	")	,	12	);
INSERT INTO CITY VALUES 	(	957	,	trim("	Mangrulpir	")	,	15	);
INSERT INTO CITY VALUES 	(	958	,	trim("	Soro	")	,	19	);
INSERT INTO CITY VALUES 	(	959	,	trim("	Shahpura	")	,	22	);
INSERT INTO CITY VALUES 	(	960	,	trim("	Vadnagar	")	,	7	);
INSERT INTO CITY VALUES 	(	961	,	trim("	Raisinghnagar	")	,	22	);
INSERT INTO CITY VALUES 	(	962	,	trim("	Sindhagi	")	,	12	);
INSERT INTO CITY VALUES 	(	963	,	trim("	Sanduru	")	,	12	);
INSERT INTO CITY VALUES 	(	964	,	trim("	Sohna	")	,	8	);
INSERT INTO CITY VALUES 	(	965	,	trim("	Manavadar	")	,	7	);
INSERT INTO CITY VALUES 	(	966	,	trim("	Pihani	")	,	27	);
INSERT INTO CITY VALUES 	(	967	,	trim("	Safidon	")	,	8	);
INSERT INTO CITY VALUES 	(	968	,	trim("	Risod	")	,	15	);
INSERT INTO CITY VALUES 	(	969	,	trim("	Rosera	")	,	4	);
INSERT INTO CITY VALUES 	(	970	,	trim("	Sankari	")	,	24	);
INSERT INTO CITY VALUES 	(	971	,	trim("	Malpura	")	,	22	);
INSERT INTO CITY VALUES 	(	972	,	trim("	Sonamukhi	")	,	36	);
INSERT INTO CITY VALUES 	(	973	,	trim("	Shamsabad, Agra	")	,	27	);
INSERT INTO CITY VALUES 	(	974	,	trim("	Nokha	")	,	4	);
INSERT INTO CITY VALUES 	(	975	,	trim("	PandUrban Agglomeration	")	,	36	);
INSERT INTO CITY VALUES 	(	976	,	trim("	Mainaguri	")	,	36	);
INSERT INTO CITY VALUES 	(	977	,	trim("	Afzalpur	")	,	12	);
INSERT INTO CITY VALUES 	(	978	,	trim("	Shirur	")	,	15	);
INSERT INTO CITY VALUES 	(	979	,	trim("	Salaya	")	,	7	);
INSERT INTO CITY VALUES 	(	980	,	trim("	Shenkottai	")	,	24	);
INSERT INTO CITY VALUES 	(	981	,	trim("	Pratapgarh	")	,	25	);
INSERT INTO CITY VALUES 	(	982	,	trim("	Vadipatti	")	,	24	);
INSERT INTO CITY VALUES 	(	983	,	trim("	Nagarkurnool	")	,	24	);
INSERT INTO CITY VALUES 	(	984	,	trim("	Savner	")	,	15	);
INSERT INTO CITY VALUES 	(	985	,	trim("	Sasvad	")	,	15	);
INSERT INTO CITY VALUES 	(	986	,	trim("	Rudrapur	")	,	27	);
INSERT INTO CITY VALUES 	(	987	,	trim("	Soron	")	,	27	);
INSERT INTO CITY VALUES 	(	988	,	trim("	Sholingur	")	,	24	);
INSERT INTO CITY VALUES 	(	989	,	trim("	Pandharkaoda	")	,	15	);
INSERT INTO CITY VALUES 	(	990	,	trim("	Perumbavoor	")	,	13	);
INSERT INTO CITY VALUES 	(	991	,	trim("	Maddur	")	,	12	);
INSERT INTO CITY VALUES 	(	992	,	trim("	Nadbai	")	,	22	);
INSERT INTO CITY VALUES 	(	993	,	trim("	Talode	")	,	15	);
INSERT INTO CITY VALUES 	(	994	,	trim("	Shrigonda	")	,	15	);
INSERT INTO CITY VALUES 	(	995	,	trim("	Madhugiri	")	,	12	);
INSERT INTO CITY VALUES 	(	996	,	trim("	Tekkalakote	")	,	12	);
INSERT INTO CITY VALUES 	(	997	,	trim("	Seoni-Malwa	")	,	14	);
INSERT INTO CITY VALUES 	(	998	,	trim("	Shirdi	")	,	15	);
INSERT INTO CITY VALUES 	(	999	,	trim("	SUrban Agglomerationr	")	,	27	);
INSERT INTO CITY VALUES 	(	1000	,	trim("	Terdal	")	,	12	);
INSERT INTO CITY VALUES 	(	1001	,	trim("	Raver	")	,	15	);
INSERT INTO CITY VALUES 	(	1002	,	trim("	Tirupathur	")	,	24	);
INSERT INTO CITY VALUES 	(	1003	,	trim("	Taraori	")	,	8	);
INSERT INTO CITY VALUES 	(	1004	,	trim("	Mukhed	")	,	15	);
INSERT INTO CITY VALUES 	(	1005	,	trim("	Manachanallur	")	,	24	);
INSERT INTO CITY VALUES 	(	1006	,	trim("	Rehli	")	,	14	);
INSERT INTO CITY VALUES 	(	1007	,	trim("	Sanchore	")	,	22	);
INSERT INTO CITY VALUES 	(	1008	,	trim("	Rajura	")	,	15	);
INSERT INTO CITY VALUES 	(	1009	,	trim("	Piro	")	,	4	);
INSERT INTO CITY VALUES 	(	1010	,	trim("	Mudabidri	")	,	12	);
INSERT INTO CITY VALUES 	(	1011	,	trim("	Vadgaon Kasba	")	,	15	);
INSERT INTO CITY VALUES 	(	1012	,	trim("	Nagar	")	,	22	);
INSERT INTO CITY VALUES 	(	1013	,	trim("	Vijapur	")	,	7	);
INSERT INTO CITY VALUES 	(	1014	,	trim("	Viswanatham	")	,	24	);
INSERT INTO CITY VALUES 	(	1015	,	trim("	Polur	")	,	24	);
INSERT INTO CITY VALUES 	(	1016	,	trim("	Panagudi	")	,	24	);
INSERT INTO CITY VALUES 	(	1017	,	trim("	Manawar	")	,	14	);
INSERT INTO CITY VALUES 	(	1018	,	trim("	Tehri	")	,	36	);
INSERT INTO CITY VALUES 	(	1019	,	trim("	Samdhan	")	,	27	);
INSERT INTO CITY VALUES 	(	1020	,	trim("	Pardi	")	,	7	);
INSERT INTO CITY VALUES 	(	1021	,	trim("	Rahatgarh	")	,	14	);
INSERT INTO CITY VALUES 	(	1022	,	trim("	Panagar	")	,	14	);
INSERT INTO CITY VALUES 	(	1023	,	trim("	Uthiramerur	")	,	24	);
INSERT INTO CITY VALUES 	(	1024	,	trim("	Tirora	")	,	15	);
INSERT INTO CITY VALUES 	(	1025	,	trim("	Rangia	")	,	3	);
INSERT INTO CITY VALUES 	(	1026	,	trim("	Sahjanwa	")	,	27	);
INSERT INTO CITY VALUES 	(	1027	,	trim("	Wara Seoni	")	,	14	);
INSERT INTO CITY VALUES 	(	1028	,	trim("	Magadi	")	,	12	);
INSERT INTO CITY VALUES 	(	1029	,	trim("	Rajgarh (Alwar)	")	,	22	);
INSERT INTO CITY VALUES 	(	1030	,	trim("	Rafiganj	")	,	4	);
INSERT INTO CITY VALUES 	(	1031	,	trim("	Tarana	")	,	14	);
INSERT INTO CITY VALUES 	(	1032	,	trim("	Rampur Maniharan	")	,	27	);
INSERT INTO CITY VALUES 	(	1033	,	trim("	Sheoganj	")	,	22	);
INSERT INTO CITY VALUES 	(	1034	,	trim("	Raikot	")	,	21	);
INSERT INTO CITY VALUES 	(	1035	,	trim("	Pauri	")	,	36	);
INSERT INTO CITY VALUES 	(	1036	,	trim("	Sumerpur	")	,	27	);
INSERT INTO CITY VALUES 	(	1037	,	trim("	Navalgund	")	,	12	);
INSERT INTO CITY VALUES 	(	1038	,	trim("	Shahganj	")	,	27	);
INSERT INTO CITY VALUES 	(	1039	,	trim("	Marhaura	")	,	4	);
INSERT INTO CITY VALUES 	(	1040	,	trim("	Tulsipur	")	,	27	);
INSERT INTO CITY VALUES 	(	1041	,	trim("	Sadri	")	,	22	);
INSERT INTO CITY VALUES 	(	1042	,	trim("	Thiruthuraipoondi	")	,	24	);
INSERT INTO CITY VALUES 	(	1043	,	trim("	Shiggaon	")	,	12	);
INSERT INTO CITY VALUES 	(	1044	,	trim("	Pallapatti	")	,	24	);
INSERT INTO CITY VALUES 	(	1045	,	trim("	Mahendragarh	")	,	8	);
INSERT INTO CITY VALUES 	(	1046	,	trim("	Sausar	")	,	14	);
INSERT INTO CITY VALUES 	(	1047	,	trim("	Ponneri	")	,	24	);
INSERT INTO CITY VALUES 	(	1048	,	trim("	Mahad	")	,	15	);
INSERT INTO CITY VALUES 	(	1049	,	trim("	Lohardaga	")	,	11	);
INSERT INTO CITY VALUES 	(	1050	,	trim("	Tirwaganj	")	,	27	);
INSERT INTO CITY VALUES 	(	1051	,	trim("	Margherita	")	,	3	);
INSERT INTO CITY VALUES 	(	1052	,	trim("	Sundarnagar	")	,	9	);
INSERT INTO CITY VALUES 	(	1053	,	trim("	Rajgarh	")	,	14	);
INSERT INTO CITY VALUES 	(	1054	,	trim("	Mangaldoi	")	,	3	);
INSERT INTO CITY VALUES 	(	1055	,	trim("	Renigunta	")	,	1	);
INSERT INTO CITY VALUES 	(	1056	,	trim("	Longowal	")	,	21	);
INSERT INTO CITY VALUES 	(	1057	,	trim("	Ratia	")	,	8	);
INSERT INTO CITY VALUES 	(	1058	,	trim("	Lalgudi	")	,	24	);
INSERT INTO CITY VALUES 	(	1059	,	trim("	Shrirangapattana	")	,	12	);
INSERT INTO CITY VALUES 	(	1060	,	trim("	Niwari	")	,	14	);
INSERT INTO CITY VALUES 	(	1061	,	trim("	Natham	")	,	24	);
INSERT INTO CITY VALUES 	(	1062	,	trim("	Unnamalaikadai	")	,	24	);
INSERT INTO CITY VALUES 	(	1063	,	trim("	PurqUrban Agglomerationzi	")	,	27	);
INSERT INTO CITY VALUES 	(	1064	,	trim("	Shamsabad, Farrukhabad	")	,	27	);
INSERT INTO CITY VALUES 	(	1065	,	trim("	Mirganj	")	,	4	);
INSERT INTO CITY VALUES 	(	1066	,	trim("	Todaraisingh	")	,	22	);
INSERT INTO CITY VALUES 	(	1067	,	trim("	Warhapur	")	,	27	);
INSERT INTO CITY VALUES 	(	1068	,	trim("	Rajam	")	,	1	);
INSERT INTO CITY VALUES 	(	1069	,	trim("	Urmar Tanda	")	,	21	);
INSERT INTO CITY VALUES 	(	1070	,	trim("	Lonar	")	,	15	);
INSERT INTO CITY VALUES 	(	1071	,	trim("	Powayan	")	,	27	);
INSERT INTO CITY VALUES 	(	1072	,	trim("	P.N.Patti	")	,	24	);
INSERT INTO CITY VALUES 	(	1073	,	trim("	Palampur	")	,	9	);
INSERT INTO CITY VALUES 	(	1074	,	trim("	Srisailam Project (Right Flank Colony) Township	")	,	1	);
INSERT INTO CITY VALUES 	(	1075	,	trim("	Sindagi	")	,	12	);
INSERT INTO CITY VALUES 	(	1076	,	trim("	Sandi	")	,	27	);
INSERT INTO CITY VALUES 	(	1077	,	trim("	Vaikom	")	,	13	);
INSERT INTO CITY VALUES 	(	1078	,	trim("	Malda	")	,	36	);
INSERT INTO CITY VALUES 	(	1079	,	trim("	Tharangambadi	")	,	24	);
INSERT INTO CITY VALUES 	(	1080	,	trim("	Sakaleshapura	")	,	12	);
INSERT INTO CITY VALUES 	(	1081	,	trim("	Lalganj	")	,	4	);
INSERT INTO CITY VALUES 	(	1082	,	trim("	Malkangiri	")	,	19	);
INSERT INTO CITY VALUES 	(	1083	,	trim("	Rapar	")	,	7	);
INSERT INTO CITY VALUES 	(	1084	,	trim("	Mauganj	")	,	14	);
INSERT INTO CITY VALUES 	(	1085	,	trim("	Todabhim	")	,	22	);
INSERT INTO CITY VALUES 	(	1086	,	trim("	Srinivaspur	")	,	12	);
INSERT INTO CITY VALUES 	(	1087	,	trim("	Murliganj	")	,	4	);
INSERT INTO CITY VALUES 	(	1088	,	trim("	Reengus	")	,	22	);
INSERT INTO CITY VALUES 	(	1089	,	trim("	Sawantwadi	")	,	15	);
INSERT INTO CITY VALUES 	(	1090	,	trim("	Tittakudi	")	,	24	);
INSERT INTO CITY VALUES 	(	1091	,	trim("	Lilong	")	,	16	);
INSERT INTO CITY VALUES 	(	1092	,	trim("	Rajaldesar	")	,	22	);
INSERT INTO CITY VALUES 	(	1093	,	trim("	Pathardi	")	,	15	);
INSERT INTO CITY VALUES 	(	1094	,	trim("	Achhnera	")	,	27	);
INSERT INTO CITY VALUES 	(	1095	,	trim("	Pacode	")	,	24	);
INSERT INTO CITY VALUES 	(	1096	,	trim("	Naraura	")	,	27	);
INSERT INTO CITY VALUES 	(	1097	,	trim("	Nakur	")	,	27	);
INSERT INTO CITY VALUES 	(	1098	,	trim("	Palai	")	,	13	);
INSERT INTO CITY VALUES 	(	1099	,	trim("	Morinda, India	")	,	21	);
INSERT INTO CITY VALUES 	(	1100	,	trim("	Manasa	")	,	14	);
INSERT INTO CITY VALUES 	(	1101	,	trim("	Nainpur	")	,	14	);
INSERT INTO CITY VALUES 	(	1102	,	trim("	Sahaspur	")	,	27	);
INSERT INTO CITY VALUES 	(	1103	,	trim("	Pauni	")	,	15	);
INSERT INTO CITY VALUES 	(	1104	,	trim("	Prithvipur	")	,	14	);
INSERT INTO CITY VALUES 	(	1105	,	trim("	Ramtek	")	,	15	);
INSERT INTO CITY VALUES 	(	1106	,	trim("	Silapathar	")	,	3	);
INSERT INTO CITY VALUES 	(	1107	,	trim("	Songadh	")	,	7	);
INSERT INTO CITY VALUES 	(	1108	,	trim("	Safipur	")	,	27	);
INSERT INTO CITY VALUES 	(	1109	,	trim("	Sohagpur	")	,	14	);
INSERT INTO CITY VALUES 	(	1110	,	trim("	Mul	")	,	15	);
INSERT INTO CITY VALUES 	(	1111	,	trim("	Sadulshahar	")	,	22	);
INSERT INTO CITY VALUES 	(	1112	,	trim("	Phillaur	")	,	21	);
INSERT INTO CITY VALUES 	(	1113	,	trim("	Sambhar	")	,	22	);
INSERT INTO CITY VALUES 	(	1114	,	trim("	Prantij	")	,	22	);
INSERT INTO CITY VALUES 	(	1115	,	trim("	Nagla	")	,	36	);
INSERT INTO CITY VALUES 	(	1116	,	trim("	Pattran	")	,	21	);
INSERT INTO CITY VALUES 	(	1117	,	trim("	Mount Abu	")	,	22	);
INSERT INTO CITY VALUES 	(	1118	,	trim("	Reoti	")	,	27	);
INSERT INTO CITY VALUES 	(	1119	,	trim("	Tenu dam-cum-Kathhara	")	,	11	);
INSERT INTO CITY VALUES 	(	1120	,	trim("	Panchla	")	,	36	);
INSERT INTO CITY VALUES 	(	1121	,	trim("	Sitarganj	")	,	36	);
INSERT INTO CITY VALUES 	(	1122	,	trim("	Pasighat	")	,	2	);
INSERT INTO CITY VALUES 	(	1123	,	trim("	Motipur	")	,	4	);
INSERT INTO CITY VALUES 	(	1124	,	trim("	O' Valley	")	,	24	);
INSERT INTO CITY VALUES 	(	1125	,	trim("	Raghunathpur	")	,	36	);
INSERT INTO CITY VALUES 	(	1126	,	trim("	Suriyampalayam	")	,	24	);
INSERT INTO CITY VALUES 	(	1127	,	trim("	Qadian	")	,	21	);
INSERT INTO CITY VALUES 	(	1128	,	trim("	Rairangpur	")	,	19	);
INSERT INTO CITY VALUES 	(	1129	,	trim("	Silvassa	")	,	5	);
INSERT INTO CITY VALUES 	(	1130	,	trim("	Nowrozabad (Khodargama)	")	,	14	);
INSERT INTO CITY VALUES 	(	1131	,	trim("	Mangrol	")	,	22	);
INSERT INTO CITY VALUES 	(	1132	,	trim("	Soyagaon	")	,	15	);
INSERT INTO CITY VALUES 	(	1133	,	trim("	Sujanpur	")	,	21	);
INSERT INTO CITY VALUES 	(	1134	,	trim("	Manihari	")	,	4	);
INSERT INTO CITY VALUES 	(	1135	,	trim("	Sikanderpur	")	,	27	);
INSERT INTO CITY VALUES 	(	1136	,	trim("	Mangalvedhe	")	,	15	);
INSERT INTO CITY VALUES 	(	1137	,	trim("	Phulera	")	,	22	);
INSERT INTO CITY VALUES 	(	1138	,	trim("	Ron	")	,	12	);
INSERT INTO CITY VALUES 	(	1139	,	trim("	Sholavandan	")	,	24	);
INSERT INTO CITY VALUES 	(	1140	,	trim("	Saidpur	")	,	27	);
INSERT INTO CITY VALUES 	(	1141	,	trim("	Shamgarh	")	,	14	);
INSERT INTO CITY VALUES 	(	1142	,	trim("	Thammampatti	")	,	24	);
INSERT INTO CITY VALUES 	(	1143	,	trim("	Maharajpur	")	,	14	);
INSERT INTO CITY VALUES 	(	1144	,	trim("	Multai	")	,	14	);
INSERT INTO CITY VALUES 	(	1145	,	trim("	Mukerian	")	,	21	);
INSERT INTO CITY VALUES 	(	1146	,	trim("	Sirsi	")	,	27	);
INSERT INTO CITY VALUES 	(	1147	,	trim("	Purwa	")	,	27	);
INSERT INTO CITY VALUES 	(	1148	,	trim("	Sheohar	")	,	4	);
INSERT INTO CITY VALUES 	(	1149	,	trim("	Namagiripettai	")	,	24	);
INSERT INTO CITY VALUES 	(	1150	,	trim("	Parasi	")	,	27	);
INSERT INTO CITY VALUES 	(	1151	,	trim("	Lathi	")	,	7	);
INSERT INTO CITY VALUES 	(	1152	,	trim("	Lalganj	")	,	27	);
INSERT INTO CITY VALUES 	(	1153	,	trim("	Narkhed	")	,	15	);
INSERT INTO CITY VALUES 	(	1154	,	trim("	Mathabhanga	")	,	36	);
INSERT INTO CITY VALUES 	(	1155	,	trim("	Shendurjana	")	,	15	);
INSERT INTO CITY VALUES 	(	1156	,	trim("	Peravurani	")	,	24	);
INSERT INTO CITY VALUES 	(	1157	,	trim("	Mariani	")	,	3	);
INSERT INTO CITY VALUES 	(	1158	,	trim("	Phulpur	")	,	27	);
INSERT INTO CITY VALUES 	(	1159	,	trim("	Rania	")	,	8	);
INSERT INTO CITY VALUES 	(	1160	,	trim("	Pali	")	,	14	);
INSERT INTO CITY VALUES 	(	1161	,	trim("	Pachore	")	,	14	);
INSERT INTO CITY VALUES 	(	1162	,	trim("	Parangipettai	")	,	24	);
INSERT INTO CITY VALUES 	(	1163	,	trim("	Pudupattinam	")	,	24	);
INSERT INTO CITY VALUES 	(	1164	,	trim("	Panniyannur	")	,	13	);
INSERT INTO CITY VALUES 	(	1165	,	trim("	Maharajganj	")	,	4	);
INSERT INTO CITY VALUES 	(	1166	,	trim("	Rau	")	,	14	);
INSERT INTO CITY VALUES 	(	1167	,	trim("	Monoharpur	")	,	36	);
INSERT INTO CITY VALUES 	(	1168	,	trim("	Mandawa	")	,	22	);
INSERT INTO CITY VALUES 	(	1169	,	trim("	Marigaon	")	,	3	);
INSERT INTO CITY VALUES 	(	1170	,	trim("	Pallikonda	")	,	24	);
INSERT INTO CITY VALUES 	(	1171	,	trim("	Pindwara	")	,	22	);
INSERT INTO CITY VALUES 	(	1172	,	trim("	Shishgarh	")	,	27	);
INSERT INTO CITY VALUES 	(	1173	,	trim("	Patur	")	,	15	);
INSERT INTO CITY VALUES 	(	1174	,	trim("	Mayang Imphal	")	,	16	);
INSERT INTO CITY VALUES 	(	1175	,	trim("	Mhowgaon	")	,	14	);
INSERT INTO CITY VALUES 	(	1176	,	trim("	Guruvayoor	")	,	13	);
INSERT INTO CITY VALUES 	(	1177	,	trim("	Mhaswad	")	,	15	);
INSERT INTO CITY VALUES 	(	1178	,	trim("	Sahawar	")	,	27	);
INSERT INTO CITY VALUES 	(	1179	,	trim("	Sivagiri	")	,	24	);
INSERT INTO CITY VALUES 	(	1180	,	trim("	Mundargi	")	,	12	);
INSERT INTO CITY VALUES 	(	1181	,	trim("	Punjaipugalur	")	,	24	);
INSERT INTO CITY VALUES 	(	1182	,	trim("	Kailasahar	")	,	25	);
INSERT INTO CITY VALUES 	(	1183	,	trim("	Samthar	")	,	27	);
INSERT INTO CITY VALUES 	(	1184	,	trim("	Sakti	")	,	5	);
INSERT INTO CITY VALUES 	(	1185	,	trim("	Sadalagi	")	,	12	);
INSERT INTO CITY VALUES 	(	1186	,	trim("	Silao	")	,	4	);
INSERT INTO CITY VALUES 	(	1187	,	trim("	Mandalgarh	")	,	22	);
INSERT INTO CITY VALUES 	(	1188	,	trim("	Loha	")	,	15	);
INSERT INTO CITY VALUES 	(	1189	,	trim("	Pukhrayan	")	,	27	);
INSERT INTO CITY VALUES 	(	1190	,	trim("	Padmanabhapuram	")	,	24	);
INSERT INTO CITY VALUES 	(	1191	,	trim("	Belonia	")	,	25	);
INSERT INTO CITY VALUES 	(	1192	,	trim("	Saiha	")	,	18	);
INSERT INTO CITY VALUES 	(	1193	,	trim("	Srirampore	")	,	36	);
INSERT INTO CITY VALUES 	(	1194	,	trim("	Talwara	")	,	21	);
INSERT INTO CITY VALUES 	(	1195	,	trim("	Puthuppally	")	,	13	);
INSERT INTO CITY VALUES 	(	1196	,	trim("	Khowai	")	,	25	);
INSERT INTO CITY VALUES 	(	1197	,	trim("	Vijaypur	")	,	14	);
INSERT INTO CITY VALUES 	(	1198	,	trim("	Takhatgarh	")	,	22	);
INSERT INTO CITY VALUES 	(	1199	,	trim("	Thirupuvanam	")	,	24	);
INSERT INTO CITY VALUES 	(	1200	,	trim("	Adra	")	,	36	);
INSERT INTO CITY VALUES 	(	1201	,	trim("	Piriyapatna	")	,	12	);
INSERT INTO CITY VALUES 	(	1202	,	trim("	Obra	")	,	27	);
INSERT INTO CITY VALUES 	(	1203	,	trim("	Adalaj	")	,	7	);
INSERT INTO CITY VALUES 	(	1204	,	trim("	Nandgaon	")	,	15	);
INSERT INTO CITY VALUES 	(	1205	,	trim("	Barh	")	,	4	);
INSERT INTO CITY VALUES 	(	1206	,	trim("	Chhapra	")	,	7	);
INSERT INTO CITY VALUES 	(	1207	,	trim("	Panamattom	")	,	13	);
INSERT INTO CITY VALUES 	(	1208	,	trim("	Niwai	")	,	27	);
INSERT INTO CITY VALUES 	(	1209	,	trim("	Bageshwar	")	,	36	);
INSERT INTO CITY VALUES 	(	1210	,	trim("	Tarbha	")	,	19	);
INSERT INTO CITY VALUES 	(	1211	,	trim("	Adyar	")	,	12	);
INSERT INTO CITY VALUES 	(	1212	,	trim("	Narsinghgarh	")	,	14	);
INSERT INTO CITY VALUES 	(	1213	,	trim("	Warud	")	,	15	);
INSERT INTO CITY VALUES 	(	1214	,	trim("	Asarganj	")	,	4	);
INSERT INTO CITY VALUES 	(	1215	,	trim("	Sarsod	")	,	8	);


INSERT INTO `compliancedb`.`industry_type_master` (`Industry_Type_ID`, `Industry_Name`) VALUES ('1', 'Manufacturing');
INSERT INTO `compliancedb`.`industry_type_master` (`Industry_Type_ID`, `Industry_Name`) VALUES ('2', 'IT');
INSERT INTO `compliancedb`.`industry_type_master` (`Industry_Type_ID`, `Industry_Name`) VALUES ('3', 'Textiles');

 INSERT INTO `compliancedb`.`compliance_type` (`Compliance_Type_Name`, `Industry_Type_ID`, `Country_ID`, `Audit_Frequency`, `End_Date`, `Start_Date`)
 VALUES ('Statutory Compliance', 1, 1, 2, ('2020-12-31'), ('2018-01-01'));
INSERT INTO `compliancedb`.`compliance_type` (`Compliance_Type_Name`, `Industry_Type_ID`, `Country_ID`, `Audit_Frequency`, `End_Date`, `Start_Date`)
 VALUES ('Financial Compliance', 1, 1, 4, ('2020-12-31'), ('2018-01-01'));
INSERT INTO `compliancedb`.`compliance_type` (`Compliance_Type_Name`, `Industry_Type_ID`, `Country_ID`, `Audit_Frequency`, `End_Date`, `Start_Date`)
 VALUES ('Labour Compliance', 2, 1, 1, ('2020-12-31'), ('2018-01-01'));
INSERT INTO `compliancedb`.`compliance_type` (`Compliance_Type_Name`, `Industry_Type_ID`, `Country_ID`, `Audit_Frequency`, `End_Date`, `Start_Date`)
 VALUES ('Statutory Compliance', 2, 1, 4, ('2020-12-31'), ('2018-01-01'));
INSERT INTO `compliancedb`.`compliance_type` (`Compliance_Type_Name`, `Industry_Type_ID`, `Country_ID`, `Audit_Frequency`, `End_Date`, `Start_Date`)
 VALUES ('Labour Compliance', 1, 2, 12, ('2020-12-31'), ('2018-01-01'));
INSERT INTO `compliancedb`.`compliance_type` (`Compliance_Type_Name`, `Industry_Type_ID`, `Country_ID`, `Audit_Frequency`, `End_Date`, `Start_Date`)
 VALUES ('Financial Complianve', 1, 2, 6, ('2020-12-31'), ('2018-01-01'));
INSERT INTO `compliancedb`.`compliance_type` (`Compliance_Type_Name`, `Industry_Type_ID`, `Country_ID`, `Audit_Frequency`, `End_Date`, `Start_Date`)
 VALUES ('Statutoty Compliance', 2, 2, 4, ('2020-12-31'), ('2018-01-01'));
INSERT INTO `compliancedb`.`compliance_type` (`Compliance_Type_Name`, `Industry_Type_ID`, `Country_ID`, `Audit_Frequency`, `End_Date`, `Start_Date`)
 VALUES ('Financial Compliance', 2, 2, 1, ('2020-12-31'), ('2018-01-01'));






